,App,Category,Rating,Reviews,Size,Installs,Type,Price,Content Rating,Genres,Last Updated
6773,BT Camera,PHOTOGRAPHY,3.3,1307,6.6M,"500,000+",Free,0,Everyone,Photography,"February 24, 2017"
6655,Woody's Bar-B-Q,FOOD_AND_DRINK,3.7,3,27M,"1,000+",Free,0,Everyone,Food & Drink,"March 5, 2018"
5315,Alabama Gameday Live,SPORTS,4.7,19,12M,"1,000+",Free,0,Everyone,Sports,"May 18, 2018"
10622,MY GULFPORT FL,PRODUCTIVITY,,0,49M,50+,Free,0,Everyone,Productivity,"May 18, 2018"
9037,DX Alert,TOOLS,4.1,27,2.5M,"1,000+",Free,0,Everyone,Tools,"April 28, 2016"
3482,"Evernote – Organizer, Planner for Notes & Memos",PRODUCTIVITY,4.6,1488396,Varies with device,"100,000,000+",Free,0,Everyone,Productivity,"August 3, 2018"
9953,Zap-Map: EV charging points UK,MAPS_AND_NAVIGATION,3.8,181,9.8M,"10,000+",Free,0,Everyone,Maps & Navigation,"July 6, 2018"
1422,Lose It! - Calorie Counter,HEALTH_AND_FITNESS,4.4,69395,Varies with device,"10,000,000+",Free,0,Everyone,Health & Fitness,"August 3, 2018"
3552,Calendar+ Schedule Planner App,PRODUCTIVITY,4.0,8985,5.7M,"1,000,000+",Free,0,Everyone,Productivity,"January 16, 2017"
177,eBoox new: Reader for fb2 epub zip books,BOOKS_AND_REFERENCE,4.9,2739,21M,"50,000+",Free,0,Everyone,Books & Reference,"July 17, 2018"
1351,The Bump Pregnancy Tracker,HEALTH_AND_FITNESS,4.6,20301,22M,"1,000,000+",Free,0,Everyone,Health & Fitness,"May 16, 2018"
475,KakaoTalk: Free Calls & Text,COMMUNICATION,4.3,2546527,Varies with device,"100,000,000+",Free,0,Everyone,Communication,"August 3, 2018"
1586,Beautiful Design Birthday Cake,LIFESTYLE,4.3,665,3.0M,"500,000+",Free,0,Everyone,Lifestyle,"August 4, 2018"
1649,White Noise Baby,LIFESTYLE,4.5,10544,44M,"1,000,000+",Free,0,Everyone,Lifestyle,"June 18, 2018"
10094,EY Catalyst Reader,BUSINESS,,1,8.4M,5+,Free,0,Everyone,Business,"April 10, 2018"
8499,cluster.dk,COMMUNICATION,,49,1.1M,"1,000+",Free,0,Everyone,Communication,"June 25, 2013"
8048,CX-10DS,FAMILY,3.4,12,11M,"1,000+",Free,0,Everyone,Casual,"September 15, 2017"
9616,Governor of Poker 2 - OFFLINE POKER GAME,GAME,4.3,246538,60M,"5,000,000+",Free,0,Teen,Card,"March 6, 2018"
5635,DIRECTV,FAMILY,4.1,235486,63M,"10,000,000+",Free,0,Teen,Entertainment,"June 1, 2018"
10261,Sydney FC Official App,SPORTS,4.6,57,17M,"5,000+",Free,0,Everyone,Sports,"June 26, 2018"
10675,Circle Colors Pack-FN Theme,PERSONALIZATION,4.2,6,89k,50+,Paid,$0.99,Everyone,Personalization,"August 9, 2013"
4271,J-Stars Victory VS Guide,GAME,4.1,609,13M,"10,000+",Free,0,Everyone,Action,"May 14, 2014"
5603,Image 2 Wallpaper,TOOLS,4.3,81668,Varies with device,"5,000,000+",Free,0,Everyone,Tools,"December 26, 2016"
296,QuickBooks Accounting: Invoicing & Expenses,BUSINESS,4.3,23175,41M,"1,000,000+",Free,0,Everyone,Business,"July 13, 2018"
7007,Pixelmania - Color by number & create pixel art,FAMILY,4.4,3588,18M,"500,000+",Free,0,Everyone,Entertainment,"February 25, 2018"
3113,Hostelworld: Hostels & Cheap Hotels Travel App,TRAVEL_AND_LOCAL,4.4,17878,28M,"1,000,000+",Free,0,Everyone,Travel & Local,"July 16, 2018"
10219,FB Live,BUSINESS,3.7,27,18M,"5,000+",Free,0,Everyone,Business,"May 17, 2018"
1396,Calorie Counter - Macros,HEALTH_AND_FITNESS,4.0,3061,5.5M,"100,000+",Free,0,Everyone,Health & Fitness,"August 27, 2016"
7055,BZWBK24 mobile,FINANCE,4.5,64983,39M,"1,000,000+",Free,0,Everyone,Finance,"June 18, 2018"
5816,AX-PIC Pedidos,TOOLS,,1,Varies with device,"1,000+",Free,0,Everyone,Tools,"August 2, 2018"
7393,CI Screwed - Icon Pack,PERSONALIZATION,4.7,19,6.4M,"1,000+",Free,0,Everyone,Personalization,"June 30, 2016"
6454,BM Online OEC Verification,TOOLS,4.1,783,4.2M,"100,000+",Free,0,Everyone,Tools,"August 5, 2016"
2332,ClearCareGo Caregiver,MEDICAL,4.2,1746,16M,"50,000+",Free,0,Everyone,Medical,"July 25, 2018"
6334,"뽕티비 - 개인방송, 인터넷방송, BJ방송",VIDEO_PLAYERS,,414,59M,"100,000+",Free,0,Mature 17+,Video Players & Editors,"July 18, 2018"
9554,TV Local El Salvador,FAMILY,4.3,323,3.6M,"10,000+",Free,0,Everyone,Entertainment,"May 8, 2018"
4540,Learn R Language Easy Way,FAMILY,4.1,17,2.2M,"10,000+",Free,0,Everyone,Education,"September 24, 2017"
3276,My love,TOOLS,3.5,163997,16M,"10,000,000+",Free,0,Everyone,Tools,"August 5, 2018"
2514,VITAS Hospice Referral App for Healthcare Pros,MEDICAL,4.4,27,15M,"5,000+",Free,0,Everyone,Medical,"July 20, 2018"
10754,SCM FPS Status,BUSINESS,4.2,123,3.3M,"10,000+",Free,0,Everyone,Business,"April 28, 2018"
1214,Recipes Pastries and homemade pies More than 500 recipes for pastries,FOOD_AND_DRINK,4.7,14065,7.1M,"500,000+",Free,0,Everyone,Food & Drink,"June 12, 2018"
9582,Stick 'Em Up 2 Starter Edition,GAME,3.8,2102,40M,"100,000+",Free,0,Everyone 10+,Action,"September 11, 2015"
10749,FP Runner,GAME,3.7,38,29M,"1,000+",Free,0,Everyone,Arcade,"June 29, 2016"
8083,CY Security Antivirus Cleaner,PRODUCTIVITY,4.5,75140,Varies with device,"1,000,000+",Free,0,Everyone,Productivity,"January 2, 2018"
1961,Runner 3d like,GAME,4.5,559,32M,"100,000+",Free,0,Everyone 10+,Action,"August 3, 2018"
10776,Monster Ride Pro,GAME,5.0,1,24M,10+,Free,0,Everyone,Racing,"March 5, 2018"
10078,EY Team Connect,PRODUCTIVITY,,0,38M,50+,Free,0,Everyone,Productivity,"June 8, 2018"
3383,Cute wallpapers & kawaii backgrounds images,PERSONALIZATION,4.6,4724,5.4M,"1,000,000+",Free,0,Everyone,Personalization,"July 30, 2018"
10682,Fruit Ninja Classic,GAME,4.3,85468,36M,"1,000,000+",Paid,$0.99,Everyone,Arcade,"June 8, 2018"
114,Eyes Makeup Beauty Tips,BEAUTY,4.2,30,2.9M,"10,000+",Free,0,Everyone,Beauty,"April 9, 2018"
6501,NOOK Audiobooks,BOOKS_AND_REFERENCE,3.5,2539,8.6M,"500,000+",Free,0,Everyone,Books & Reference,"July 26, 2018"
10048,Money Manager Ex for Android,FINANCE,4.2,2695,Varies with device,"100,000+",Free,0,Everyone,Finance,"February 26, 2018"
1432,Self-help Anxiety Management,HEALTH_AND_FITNESS,4.0,2894,23M,"500,000+",Free,0,Everyone 10+,Health & Fitness,"February 22, 2017"
1928,Miraculous Ladybug & Cat Noir - The Official Game,GAME,4.5,184210,99M,"10,000,000+",Free,0,Everyone,Action,"July 30, 2018"
1095,Acorns - Invest Spare Change,FINANCE,4.3,45957,Varies with device,"1,000,000+",Free,0,Everyone,Finance,"July 31, 2018"
1282,Aunjai i lert u,HEALTH_AND_FITNESS,4.2,1140,5.5M,"500,000+",Free,0,Teen,Health & Fitness,"January 10, 2017"
2878,Camera360: Selfie Photo Editor with Funny Sticker,PHOTOGRAPHY,4.3,4865093,51M,"100,000,000+",Free,0,Everyone,Photography,"August 6, 2018"
3679,OBJECTIVE,VIDEO_PLAYERS,3.8,19738,33M,"1,000,000+",Free,0,Teen,Video Players & Editors,"August 7, 2018"
4417,Ghouls'n Ghosts MOBILE,GAME,3.9,168,49M,"5,000+",Paid,$1.99,Everyone 10+,Arcade,"May 18, 2017"
8065,CX-42,FAMILY,,0,32M,10+,Free,0,Everyone,Casual,"January 2, 2018"
7137,CB Pay,FINANCE,4.5,198,11M,"10,000+",Free,0,Everyone,Finance,"July 9, 2018"
8160,Modlitební knížka CZ,BOOKS_AND_REFERENCE,,4,18M,500+,Free,0,Everyone,Books & Reference,"February 4, 2018"
8030,Learn Morse Code - G0HYN Learn Morse,COMMUNICATION,4.0,27,600k,"5,000+",Free,0,Everyone,Communication,"May 8, 2018"
2122,Robots Vs Zombies: Transform To Race And Fight,FAMILY,4.5,278,Varies with device,"100,000+",Free,0,Everyone,Racing;Action & Adventure,"July 11, 2018"
9387,Ludo Family Dice Game,FAMILY,4.2,3593,19M,"500,000+",Free,0,Everyone,Board;Brain Games,"March 7, 2018"
10096,EY Staff ENTERTAINER,LIFESTYLE,4.3,218,19M,"10,000+",Free,0,Everyone,Lifestyle,"January 16, 2017"
10257,Chelsea FC Official Keyboard,PRODUCTIVITY,4.5,91397,14M,"1,000,000+",Free,0,Everyone,Productivity,"July 3, 2018"
4911,AC Troubleshooter,TOOLS,4.7,147,4.2M,"10,000+",Free,0,Everyone,Tools,"January 8, 2015"
1862,FINAL FANTASY BRAVE EXVIUS,GAME,4.6,745684,83M,"5,000,000+",Free,0,Teen,Role Playing,"July 17, 2018"
6032,"Youboox - Livres, BD et magazines",BOOKS_AND_REFERENCE,3.7,4071,Varies with device,"500,000+",Free,0,Teen,Books & Reference,"April 3, 2018"
3411,Best Wallpapers QHD,PERSONALIZATION,4.4,294701,5.1M,"10,000,000+",Free,0,Teen,Personalization,"March 17, 2018"
8989,Learn German: Die Bienenretter,FAMILY,4.0,25,79M,"5,000+",Free,0,Everyone,Educational;Education,"July 26, 2017"
6262,Bi en Línea,FINANCE,4.0,5055,17M,"100,000+",Free,0,Everyone,Finance,"March 5, 2018"
2023,Candy Pop Story,FAMILY,4.7,12948,23M,"1,000,000+",Free,0,Everyone,Casual;Brain Games,"May 24, 2018"
9661,EO Bijbel Open,LIFESTYLE,4.3,102,41M,"10,000+",Free,0,Everyone,Lifestyle,"November 24, 2016"
5370,Where Am I? GPS Loc,TRAVEL_AND_LOCAL,4.6,68,4.2M,"10,000+",Free,0,Everyone,Travel & Local,"November 14, 2017"
1471,DIY On A Budget,HOUSE_AND_HOME,4.7,114,8.3M,"10,000+",Free,0,Teen,House & Home,"February 18, 2018"
6788,LG BT Reader Plus,TOOLS,3.7,2992,585k,"500,000+",Free,0,Everyone,Tools,"February 25, 2016"
1251,Seamless Food Delivery/Takeout,FOOD_AND_DRINK,4.5,35218,34M,"1,000,000+",Free,0,Everyone,Food & Drink,"August 2, 2018"
5434,FC Barcelona Official App,SPORTS,4.6,92522,56M,"5,000,000+",Free,0,Everyone,Sports,"July 26, 2018"
9941,Tasker,TOOLS,4.6,43045,Varies with device,"1,000,000+",Paid,$2.99,Everyone,Tools,"June 25, 2018"
6622,UM BP Track,MEDICAL,2.0,1,29M,50+,Free,0,Everyone,Medical,"June 27, 2017"
8607,DN Radio FM,NEWS_AND_MAGAZINES,,0,3.8M,10+,Free,0,Teen,News & Magazines,"July 15, 2016"
9616,Governor of Poker 2 - OFFLINE POKER GAME,GAME,4.3,246538,60M,"5,000,000+",Free,0,Teen,Card,"March 6, 2018"
4856,Angry Birds Blast,FAMILY,4.6,253115,99M,"10,000,000+",Free,0,Everyone,Puzzle,"July 27, 2018"
1250,Uber Eats: Local Food Delivery,FOOD_AND_DRINK,4.2,333208,34M,"10,000,000+",Free,0,Everyone,Food & Drink,"August 1, 2018"
10648,FN Cam,PHOTOGRAPHY,3.4,181,10M,"10,000+",Free,0,Everyone,Photography,"January 13, 2016"
860,Mobile TV,ENTERTAINMENT,3.5,10939,4.6M,"10,000,000+",Free,0,Everyone,Entertainment,"April 28, 2016"
10292,FD VR Store -VR Games and Apps,FAMILY,4.0,105,7.5M,"10,000+",Free,0,Everyone,Simulation,"November 30, 2016"
2332,ClearCareGo Caregiver,MEDICAL,4.2,1746,16M,"50,000+",Free,0,Everyone,Medical,"July 25, 2018"
7737,CQ Electrical Group,PRODUCTIVITY,,0,14M,1+,Free,0,Everyone,Productivity,"July 19, 2018"
8716,DQ Events,BUSINESS,2.3,41,20M,"10,000+",Free,0,Everyone,Business,"December 20, 2017"
7066,Sniper Gun Shot 3D: Impossible Missions,GAME,4.6,20,34M,100+,Free,0,Mature 17+,Action,"May 4, 2018"
1590,H Pack,LIFESTYLE,4.3,9412,1.7M,"1,000,000+",Free,0,Everyone,Lifestyle,"December 17, 2016"
1503,Redfin Real Estate,HOUSE_AND_HOME,4.6,36857,19M,"1,000,000+",Free,0,Everyone,House & Home,"July 25, 2018"
75,Super Cars Wallpapers And Backgrounds,AUTO_AND_VEHICLES,4.6,197,3.4M,"50,000+",Free,0,Everyone,Auto & Vehicles,"June 14, 2018"
3763,Dezeen Magazine RSS Reader,NEWS_AND_MAGAZINES,4.3,350,14M,"10,000+",Free,0,Everyone,News & Magazines,"July 22, 2018"
8779,Dr. Panda Art Class,FAMILY,4.2,1013,58M,"50,000+",Paid,$2.99,Everyone,Education;Creativity,"April 26, 2017"
7578,CM FILE MANAGER Pro,BUSINESS,4.2,2359,2.7M,"10,000+",Paid,$2.99,Everyone,Business,"February 16, 2016"
1974,Bubble Shooter Genies,GAME,4.5,26985,41M,"5,000,000+",Free,0,Everyone,Casual,"June 4, 2018"
8536,DL Calculator,SPORTS,4.5,177,1.1M,"10,000+",Free,0,Everyone,Sports,"September 17, 2015"
9069,Dy So Exam,FAMILY,3.0,6,3.2M,"1,000+",Free,0,Everyone,Education,"July 3, 2017"
4451,Android P Home KLWP,PERSONALIZATION,,0,2.1M,5+,Paid,$1.49,Everyone,Personalization,"April 14, 2018"
10144,EZ-GUI Ground Station,TOOLS,4.7,3696,29M,"50,000+",Free,0,Everyone,Tools,"August 10, 2017"
10652,FutureNet your social app,SOCIAL,4.2,2093,7.0M,"100,000+",Free,0,Teen,Social,"March 8, 2018"
2660,"AliExpress - Smarter Shopping, Better Living",SHOPPING,4.6,5916606,Varies with device,"100,000,000+",Free,0,Teen,Shopping,"August 6, 2018"
6987,Bitcoin Ticker Widget,FINANCE,4.6,25744,Varies with device,"500,000+",Free,0,Everyone,Finance,"July 30, 2018"
6832,Bu Nedir ?,GAME,,0,33M,50+,Free,0,Everyone,Trivia,"April 15, 2018"
9220,Electrician Calculator Pro,TOOLS,3.9,47,270k,"1,000+",Paid,$14.99,Everyone,Tools,"June 3, 2014"
4911,AC Troubleshooter,TOOLS,4.7,147,4.2M,"10,000+",Free,0,Everyone,Tools,"January 8, 2015"
5560,Augment - 3D Augmented Reality,BUSINESS,4.1,25195,21M,"1,000,000+",Free,0,Everyone,Business,"February 26, 2018"
7485,CK Call NEW,COMMUNICATION,,0,4.2M,10+,Free,0,Everyone,Communication,"April 26, 2017"
3412,Dog Licks Screen Wallpaper,PERSONALIZATION,4.3,63624,10M,"5,000,000+",Free,0,Everyone,Personalization,"November 20, 2017"
3041,FanDuel: Daily Fantasy Sports,SPORTS,4.6,29673,57M,"1,000,000+",Free,0,Mature 17+,Sports,"August 6, 2018"
7711,CP evolution calculator Pokemo,FAMILY,4.1,78,787k,"10,000+",Free,0,Everyone,Educational,"February 26, 2017"
9080,American Sniper City Fight Shooting Assassin,GAME,4.1,395,54M,"50,000+",Free,0,Teen,Action,"November 24, 2017"
7824,Your rank CS:GO,GAME,4.1,4946,7.5M,"100,000+",Free,0,Teen,Trivia,"July 16, 2017"
8582,Disciple Maker’s (DM) Lab,FAMILY,5.0,3,4.0M,100+,Free,0,Everyone,Education,"August 1, 2018"
1544,Apk Installer,LIBRARIES_AND_DEMO,3.8,7750,292k,"1,000,000+",Free,0,Everyone,Libraries & Demo,"June 29, 2011"
5632,Nights at Cube Pizzeria 3D – 3,FAMILY,4.0,15875,40M,"1,000,000+",Free,0,Teen,Simulation,"March 3, 2017"
10121,Beach Volleyball 3D,SPORTS,4.2,43191,14M,"5,000,000+",Free,0,Everyone,Sports,"January 10, 2018"
9660,23rd QM BDE EO,BUSINESS,,0,6.3M,10+,Free,0,Everyone,Business,"September 27, 2017"
5680,Alerte au gogol,FAMILY,,14,2.0M,"1,000+",Free,0,Everyone,Entertainment,"February 9, 2018"
3050,"Bleacher Report: sports news, scores, & highlights",SPORTS,4.4,122283,Varies with device,"5,000,000+",Free,0,Everyone 10+,Sports,"July 20, 2018"
595,WannaMeet – Dating & Chat App,DATING,4.1,6701,11M,"1,000,000+",Free,0,Mature 17+,Dating,"June 29, 2018"
6430,BL Carrier,BUSINESS,,0,11M,10+,Free,0,Everyone,Business,"July 27, 2018"
10638,Gainesville Bus Tracker,MAPS_AND_NAVIGATION,4.2,63,1.6M,"10,000+",Free,0,Everyone,Maps & Navigation,"August 25, 2015"
2004,Score! Hero,GAME,4.6,5419676,96M,"100,000,000+",Free,0,Everyone,Sports,"June 13, 2018"
188,Indeed Job Search,BUSINESS,4.3,674730,Varies with device,"50,000,000+",Free,0,Everyone,Business,"May 21, 2018"
7800,The ClubHouse CR,HEALTH_AND_FITNESS,,5,8.7M,100+,Free,0,Everyone,Health & Fitness,"July 9, 2018"
2873,Photo Editor,PHOTOGRAPHY,4.3,42079,17M,"1,000,000+",Free,0,Everyone,Photography,"September 24, 2015"
5969,"Town of Princeton, BC",PRODUCTIVITY,4.8,4,31M,100+,Free,0,Everyone,Productivity,"June 25, 2018"
3210,Hotels.com: Book Hotel Rooms & Find Vacation Deals,TRAVEL_AND_LOCAL,4.5,260133,Varies with device,"10,000,000+",Free,0,Everyone,Travel & Local,"July 4, 2018"
4428,WiFi-o-Matic,PRODUCTIVITY,4.0,736,6.8M,"50,000+",Free,0,Everyone,Productivity,"February 1, 2018"
3996,Google Chrome: Fast & Secure,COMMUNICATION,4.3,9642112,Varies with device,"1,000,000,000+",Free,0,Everyone,Communication,"August 1, 2018"
7353,Chrome Dev,COMMUNICATION,4.4,63576,Varies with device,"5,000,000+",Free,0,Everyone,Communication,"August 2, 2018"
3305,Unit Converter,TOOLS,4.5,85387,5.4M,"1,000,000+",Free,0,Everyone,Tools,"July 3, 2018"
2342,SonicCloud: Hearing App,MEDICAL,4.4,15,39M,"1,000+",Free,0,Everyone,Medical,"July 19, 2018"
7356,Battery HD Pro,TOOLS,4.7,17861,Varies with device,"100,000+",Paid,$3.99,Everyone,Tools,"May 6, 2018"
10436,Forgotten Hill: Surgery,GAME,4.5,2431,24M,"100,000+",Free,0,Teen,Adventure,"November 3, 2017"
6376,Audio Murli Glossary For BK,FAMILY,4.7,39,20M,"1,000+",Free,0,Everyone,Education,"January 25, 2016"
1581,Kawaii Easy Drawing : How to draw Step by Step,LIFESTYLE,4.3,34327,8.1M,"5,000,000+",Free,0,Everyone,Lifestyle,"July 17, 2018"
5974,BC Wildfire,TOOLS,3.3,27,5.0M,"5,000+",Free,0,Everyone,Tools,"May 31, 2018"
2542,Fever Care,MEDICAL,3.5,19,2.2M,"5,000+",Free,0,Everyone,Medical,"May 12, 2018"
529,Free Dating App - Meet Local Singles - Flirt Chat,DATING,4.1,825,Varies with device,"100,000+",Free,0,Mature 17+,Dating,"December 28, 2017"
9198,EB Remote Deposit,BUSINESS,,0,9.0M,10+,Free,0,Everyone,Business,"May 10, 2018"
1064,Standard Bank / Stanbic Bank,FINANCE,3.6,15247,28M,"1,000,000+",Free,0,Everyone,Finance,"July 13, 2018"
6250,BH Rocking,TRAVEL_AND_LOCAL,,13,3.2M,100+,Free,0,Everyone,Travel & Local,"January 17, 2018"
629,chat live chat,DATING,,24,3.9M,"1,000+",Free,0,Mature 17+,Dating,"July 26, 2018"
9342,Fashion Pony Girls Dress Up Makeup Game,FAMILY,4.5,256,30M,"10,000+",Free,0,Everyone,Simulation,"July 13, 2018"
3816,Google News,NEWS_AND_MAGAZINES,3.9,877643,13M,"1,000,000,000+",Free,0,Teen,News & Magazines,"August 1, 2018"
3032,Live Golf Scores - US & European Golf,SPORTS,4.2,798,4.7M,"50,000+",Free,0,Everyone 10+,Sports,"August 1, 2018"
3696,Droid Zap by Motorola,VIDEO_PLAYERS,3.8,2093,Varies with device,"5,000,000+",Free,0,Everyone,Video Players & Editors,"February 3, 2015"
658,Soul Mate,DATING,,0,4.4M,10+,Free,0,Mature 17+,Dating,"July 19, 2018"
6076,Be Like Bro - Compilation,FAMILY,4.4,146,3.9M,"10,000+",Free,0,Teen,Entertainment,"March 30, 2018"
8312,Satellite Director,TOOLS,4.1,45610,176k,"10,000,000+",Free,0,Everyone,Tools,"January 2, 2018"
10358,Theme For Galaxy Note FE,PERSONALIZATION,,0,7.5M,100+,Free,0,Everyone,Personalization,"April 19, 2018"
9283,EF Go Ahead Tour Companion,TRAVEL_AND_LOCAL,2.3,23,43M,"1,000+",Free,0,Everyone,Travel & Local,"June 18, 2018"
5334,Al Quran : EAlim - Translations & MP3 Offline,BOOKS_AND_REFERENCE,4.5,96419,Varies with device,"5,000,000+",Free,0,Everyone,Books & Reference,"May 5, 2018"
7055,BZWBK24 mobile,FINANCE,4.5,64983,39M,"1,000,000+",Free,0,Everyone,Finance,"June 18, 2018"
10141,Dream EZ,HEALTH_AND_FITNESS,4.1,107,50M,"10,000+",Free,0,Everyone,Health & Fitness,"March 24, 2016"
2215,Hello Kitty Lunchbox,FAMILY,4.2,51838,15M,"5,000,000+",Free,0,Everyone,Casual;Creativity,"November 21, 2017"
10569,FL State Parks Guide,TRAVEL_AND_LOCAL,3.7,871,45M,"100,000+",Free,0,Everyone,Travel & Local,"October 27, 2017"
6227,CINEMA.BH,FAMILY,3.9,11,16M,"1,000+",Free,0,Everyone,Entertainment,"January 30, 2018"
6551,Boom Beach,FAMILY,4.5,5591653,95M,"50,000,000+",Free,0,Everyone 10+,Strategy,"July 18, 2018"
9432,Survival: Prison Escape,GAME,4.0,127810,33M,"10,000,000+",Free,0,Mature 17+,Action,"August 1, 2018"
2304,MyChart,MEDICAL,4.2,19473,Varies with device,"1,000,000+",Free,0,Everyone,Medical,"July 24, 2018"
428,Contacts+,COMMUNICATION,4.2,190613,11M,"10,000,000+",Free,0,Everyone,Communication,"July 31, 2018"
1897,Score! Hero,GAME,4.6,5419676,96M,"100,000,000+",Free,0,Everyone,Sports,"June 13, 2018"
10006,XCOM®: Enemy Within,FAMILY,4.2,13752,21M,"100,000+",Paid,$9.99,Mature 17+,Strategy,"October 24, 2017"
5614,AT&T THANKS®,FAMILY,3.4,2445,34M,"500,000+",Free,0,Everyone,Entertainment,"July 11, 2018"
3511,Easy Voice Recorder,PRODUCTIVITY,4.4,205191,7.1M,"10,000,000+",Free,0,Everyone,Productivity,"June 20, 2018"
6909,BW Taxi,MAPS_AND_NAVIGATION,3.0,67,53M,"5,000+",Free,0,Everyone,Maps & Navigation,"May 1, 2018"
7946,Easy Cv maker 2018,BOOKS_AND_REFERENCE,3.9,88,5.3M,"10,000+",Free,0,Everyone,Books & Reference,"March 31, 2018"
7916,Meritrust CU Mobile Banking,FINANCE,4.7,3661,14M,"50,000+",Free,0,Everyone,Finance,"June 12, 2018"
1194,Panera Bread,FOOD_AND_DRINK,4.2,10159,36M,"1,000,000+",Free,0,Everyone,Food & Drink,"July 17, 2018"
8741,Bunny Skater,GAME,4.2,139432,4.7M,"10,000,000+",Free,0,Everyone,Adventure,"November 20, 2013"
10704,FO STELIA Méaulte,COMMUNICATION,,2,18M,100+,Free,0,Everyone,Communication,"December 19, 2017"
6687,TV Guide BR Gold,FAMILY,4.4,544,Varies with device,"5,000+",Paid,$1.49,Everyone,Entertainment,"August 20, 2017"
2494,MoodSpace,MEDICAL,4.5,503,22M,"50,000+",Free,0,Everyone,Medical,"June 10, 2018"
8839,DS Vision,BUSINESS,,0,38M,5+,Free,0,Everyone,Business,"May 21, 2018"
3351,Screen Lock,TOOLS,4.2,68309,2.1M,"1,000,000+",Free,0,Everyone,Tools,"November 23, 2017"
9047,DX Simulation for Decade Henshin Belt 2018,FAMILY,,23,10M,"5,000+",Free,0,Everyone,Simulation,"August 6, 2018"
2786,Receipt Hog - Receipts to Cash,SHOPPING,4.5,72596,19M,"1,000,000+",Free,0,Teen,Shopping,"August 3, 2018"
5417,Mobile Legends: Bang Bang,GAME,4.4,8219586,99M,"100,000,000+",Free,0,Teen,Action,"July 24, 2018"
8995,German Listening,FAMILY,4.8,18298,8.0M,"500,000+",Free,0,Everyone,Education,"July 23, 2018"
1714,Wordscapes,GAME,4.8,230710,87M,"10,000,000+",Free,0,Everyone,Word,"August 2, 2018"
640,Online Girls Chat Group,DATING,5.0,5,5.0M,100+,Free,0,Mature 17+,Dating,"August 2, 2018"
2547,"Messages, Text and Video Chat for Messenger",SOCIAL,4.4,49173,4.0M,"10,000,000+",Free,0,Everyone,Social,"June 4, 2018"
1950,Battlelands Royale,GAME,4.4,105620,61M,"1,000,000+",Free,0,Everyone 10+,Action,"July 16, 2018"
1510,Trulia Rent Apartments & Homes,HOUSE_AND_HOME,4.4,71421,Varies with device,"5,000,000+",Free,0,Everyone,House & Home,"July 24, 2018"
8375,DG Video Editor,VIDEO_PLAYERS,4.0,486,2.5M,"10,000+",Free,0,Everyone,Video Players & Editors,"September 6, 2016"
3641,METEO FRANCE,WEATHER,3.9,100994,54M,"5,000,000+",Free,0,Everyone,Weather,"July 13, 2018"
8521,DL Hughley,FAMILY,4.6,12,10M,"1,000+",Free,0,Mature 17+,Entertainment,"March 23, 2018"
5481,AP Psychology Prep: Practice Tests and Flashcards,FAMILY,4.5,242,5.4M,"50,000+",Free,0,Everyone,Education,"July 3, 2018"
1477,Good house to buy a house,HOUSE_AND_HOME,3.8,491,15M,"100,000+",Free,0,Everyone,House & Home,"July 25, 2018"
1834,The Escapists,GAME,4.4,7412,84M,"100,000+",Paid,$4.99,Teen,Strategy,"April 26, 2018"
9858,Epson iPrint,TOOLS,4.1,108169,Varies with device,"10,000,000+",Free,0,Everyone,Tools,"June 25, 2018"
9457,Rope Superhero Unlimited,GAME,4.4,6735,26M,"1,000,000+",Free,0,Mature 17+,Action,"May 10, 2017"
5744,Watch AW-7,TOOLS,4.2,249,3.0M,"50,000+",Free,0,Everyone,Tools,"March 17, 2018"
1947,Agar.io,GAME,4.2,3816799,32M,"100,000,000+",Free,0,Everyone,Action,"July 23, 2018"
5410,Virtual lover,FAMILY,4.6,45771,28M,"1,000,000+",Free,0,Mature 17+,Entertainment,"June 8, 2018"
6309,BJ's Bingo & Gaming Casino,GAME,4.5,501,65M,"10,000+",Free,0,Teen,Casino,"July 26, 2018"
8363,DG - Digital Coupons - Free Coupon and Discount,SHOPPING,3.6,38,1.1M,"10,000+",Free,0,Everyone,Shopping,"July 1, 2018"
3315,SuperVPN Free VPN Client,TOOLS,4.3,576454,6.1M,"50,000,000+",Free,0,Everyone,Tools,"February 5, 2018"
5860,San Andreas Crime Stories,GAME,4.0,162530,97M,"10,000,000+",Free,0,Mature 17+,Racing,"July 2, 2018"
1868,Dungeon Hunter Champions: Epic Online Action RPG,GAME,4.2,26247,Varies with device,"1,000,000+",Free,0,Teen,Role Playing,"July 26, 2018"
8922,Clean My Android,PRODUCTIVITY,4.7,101163,6.2M,"5,000,000+",Free,0,Everyone,Productivity,"July 31, 2018"
9096,DZ Puzzle,FAMILY,,14,47M,10+,Paid,$0.99,Everyone,Puzzle,"April 22, 2017"
8575,DM Collection,SHOPPING,,3,1.2M,100+,Free,0,Everyone,Shopping,"June 25, 2015"
5319,Al-Quran (Free),BOOKS_AND_REFERENCE,4.6,218451,4.7M,"10,000,000+",Free,0,Everyone,Books & Reference,"May 20, 2018"
8581,Ramdor DM Mobile,BUSINESS,,1,23M,100+,Free,0,Everyone,Business,"June 13, 2018"
8175,Master for Minecraft(Pocket Edition)-Mod Launcher,TOOLS,4.6,2674051,26M,"50,000,000+",Free,0,Everyone,Tools,"August 6, 2018"
4946,Flud (Ad free),VIDEO_PLAYERS,4.8,5639,Varies with device,"10,000+",Paid,$1.49,Everyone,Video Players & Editors,"September 7, 2017"
5112,Border Ag & Energy,BUSINESS,,0,12M,50+,Free,0,Everyone,Business,"April 30, 2018"
1830,Master of Eternity(MOE),GAME,4.2,5829,70M,"100,000+",Free,0,Teen,Strategy,"July 26, 2018"
1311,Freeletics: Personal Trainer & Fitness Workouts,HEALTH_AND_FITNESS,4.5,130104,25M,"10,000,000+",Free,0,Everyone,Health & Fitness,"August 3, 2018"
5276,AK 47 Live Wallpaper,PERSONALIZATION,4.1,585,4.4M,"50,000+",Free,0,Everyone,Personalization,"June 20, 2018"
9059,MBU DX Cluster,TOOLS,4.0,5,1.6M,500+,Free,0,Everyone,Tools,"June 16, 2015"
7930,MYCU TX Mobile Banking,FINANCE,3.0,4,Varies with device,100+,Free,0,Everyone,Finance,"August 1, 2018"
7605,Burrito Bash – We Bare Bears,FAMILY,4.3,10776,21M,"1,000,000+",Free,0,Everyone,Arcade;Action & Adventure,"October 26, 2017"
3360,"CM Launcher 3D - Theme, Wallpapers, Efficient",PERSONALIZATION,4.6,6702776,17M,"100,000,000+",Free,0,Teen,Personalization,"August 3, 2018"
5995,BC Pizza,LIFESTYLE,2.3,3,2.6M,500+,Free,0,Everyone,Lifestyle,"January 12, 2016"
6462,"Borneo Bible, BM Bible",BOOKS_AND_REFERENCE,4.9,659,5.0M,"10,000+",Free,0,Everyone,Books & Reference,"August 28, 2017"
439,RocketDial Dialer & Contacts,COMMUNICATION,4.4,32254,5.5M,"1,000,000+",Free,0,Everyone,Communication,"December 4, 2017"
10552,FK Crvena zvezda,SPORTS,4.9,1211,15M,"10,000+",Free,0,Everyone,Sports,"January 22, 2018"
431,Viber Messenger,COMMUNICATION,4.3,11334973,Varies with device,"500,000,000+",Free,0,Everyone,Communication,"July 18, 2018"
6298,Bible KJV,BOOKS_AND_REFERENCE,4.5,42729,Varies with device,"5,000,000+",Free,0,Everyone,Books & Reference,"November 26, 2014"
10539,FK Vardar,SPORTS,,2,26M,10+,Free,0,Everyone,Sports,"February 20, 2018"
7730,UFO-CQ,TOOLS,,1,237k,10+,Paid,$0.99,Everyone,Tools,"July 4, 2016"
8597,DN Advanced Service Coder,BUSINESS,,0,21M,10+,Free,0,Everyone,Business,"June 1, 2018"
6142,"PhotoLayers〜Superimpose,Eraser",PHOTOGRAPHY,4.5,81219,2.6M,"10,000,000+",Free,0,Everyone,Photography,"June 14, 2015"
7017,Bingo by IGG: Top Bingo+Slots!,GAME,4.7,183343,20M,"5,000,000+",Free,0,Teen,Casino,"May 28, 2018"
7718,Curio Quest,FAMILY,4.3,59152,50M,"1,000,000+",Free,0,Everyone 10+,Role Playing,"March 29, 2018"
9443,Break the Egg,FAMILY,2.6,366,6.0M,"50,000+",Free,0,Everyone,Entertainment,"January 5, 2018"
4341,Dialer theme Droid L,PERSONALIZATION,4.3,1734,2.8M,"100,000+",Free,0,Mature 17+,Personalization,"April 2, 2016"
8849,DS-82 form,BUSINESS,,1,28M,100+,Free,0,Everyone,Business,"April 27, 2018"
6045,Helping BD,LIFESTYLE,5.0,15,4.5M,100+,Free,0,Everyone,Lifestyle,"June 19, 2018"
6891,Philips Hue,LIFESTYLE,3.1,10006,53M,"1,000,000+",Free,0,Everyone,Lifestyle,"July 26, 2018"
120,Beauty Tips - Beauty Tips in Sinhala,BEAUTY,4.4,75,4.2M,"50,000+",Free,0,Everyone,Beauty,"October 18, 2017"
6721,BombSquad Remote,GAME,4.1,13304,1.3M,"1,000,000+",Free,0,Everyone,Arcade,"November 30, 2016"
4971,WhatsFake Pro (Ad free),SOCIAL,4.2,204,9.4M,"5,000+",Paid,$0.99,Everyone,Social,"September 25, 2017"
4742,We Heart It,SOCIAL,4.5,637254,Varies with device,"10,000,000+",Free,0,Teen,Social,"July 18, 2018"
823,Remind: School Communication,EDUCATION,4.5,108613,Varies with device,"10,000,000+",Free,0,Everyone,Education,"August 3, 2018"
4407,Draw N Guess Multiplayer,GAME,3.9,29505,69M,"1,000,000+",Free,0,Everyone,Word,"April 4, 2018"
7902,"CU: UPI Payments, Chat & Call",FINANCE,4.3,693,32M,"100,000+",Free,0,Teen,Finance,"May 3, 2018"
4605,T-Mobile Visual Voicemail,TOOLS,3.6,41502,Varies with device,"50,000,000+",Free,0,Everyone,Tools,"July 31, 2018"
2710,The Coupons App,SHOPPING,4.5,181990,Varies with device,"10,000,000+",Free,0,Everyone,Shopping,"April 27, 2018"
10542,FK Mladost Lucani,SPORTS,,0,26M,5+,Free,0,Everyone,Sports,"February 19, 2018"
6165,Cъновник BG,BOOKS_AND_REFERENCE,,13,4.1M,"1,000+",Free,0,Everyone,Books & Reference,"January 21, 2017"
4448,PicsArt Photo Studio: Collage Maker & Pic Editor,PHOTOGRAPHY,4.5,7590099,34M,"100,000,000+",Free,0,Teen,Photography,"July 31, 2018"
5241,Blackjack aj Poker,GAME,3.8,8,4.2M,"1,000+",Free,0,Teen,Card,"October 19, 2016"
594,FERZU - Furries Social Network,DATING,3.9,1576,Varies with device,"10,000+",Free,0,Mature 17+,Dating,"February 16, 2018"
7680,CP RACING 2 FREE,FAMILY,4.0,4607,19M,"100,000+",Free,0,Everyone,Simulation,"March 12, 2018"
4660,U-Report,SOCIAL,4.3,241,7.5M,"10,000+",Free,0,Teen,Social,"April 10, 2018"
4193,صور حرف H,ART_AND_DESIGN,4.4,13,4.5M,"1,000+",Free,0,Everyone,Art & Design,"March 27, 2018"
7499,"CL Reader for Craigslist(For sale, jobs, rental..)",TOOLS,4.1,61,6.3M,"1,000+",Free,0,Everyone,Tools,"September 14, 2017"
8758,Anti-virus Dr.Web Light,TOOLS,4.5,1094094,Varies with device,"100,000,000+",Free,0,Everyone,Tools,"July 10, 2018"
1788,Run Sausage Run!,GAME,4.4,275447,Varies with device,"10,000,000+",Free,0,Everyone 10+,Arcade,"August 1, 2018"
10826,Frim: get new friends on local chat rooms,SOCIAL,4.0,88486,Varies with device,"5,000,000+",Free,0,Mature 17+,Social,"March 23, 2018"
8436,Deck Heroes: Legacy,GAME,4.7,466495,52M,"10,000,000+",Free,0,Teen,Card,"July 16, 2018"
931,Netflix,ENTERTAINMENT,4.4,5456599,Varies with device,"100,000,000+",Free,0,Teen,Entertainment,"July 31, 2018"
4899,AC Freedom,BUSINESS,3.5,537,Varies with device,"100,000+",Free,0,Everyone,Business,"May 25, 2018"
373,Seznam.cz,COMMUNICATION,4.3,46702,Varies with device,"1,000,000+",Free,0,Everyone,Communication,"July 4, 2018"
7794,Deck Shop for Clash Royale,FAMILY,4.6,2167,13M,"100,000+",Free,0,Everyone,Entertainment,"August 6, 2018"
7381,IQ Test,PRODUCTIVITY,4.2,1623,1.8M,"100,000+",Free,0,Everyone,Productivity,"March 6, 2018"
9716,EP Kalkulator el. energije,TOOLS,4.4,13,1.5M,100+,Free,0,Everyone,Tools,"February 20, 2015"
7047,Dragon B.Z Wallpapers,PERSONALIZATION,,0,3.8M,10+,Free,0,Everyone,Personalization,"May 6, 2018"
7981,CV (Curriculum Vitae / Resume) Maker,BUSINESS,,4,4.4M,"5,000+",Free,0,Everyone,Business,"December 27, 2017"
4679,The Gang Sniper V. Pocket Edition.,GAME,3.9,6121,61M,"500,000+",Free,0,Mature 17+,Action,"June 20, 2018"
10380,POLARIS 2MFG,FAMILY,4.8,1228,29M,"10,000+",Free,0,Everyone,Education,"March 28, 2018"
5862,Miami crime simulator,GAME,4.0,254518,100M,"10,000,000+",Free,0,Mature 17+,Action,"July 9, 2018"
1417,Calorie Counter & Diet Tracker,HEALTH_AND_FITNESS,4.5,32606,Varies with device,"1,000,000+",Free,0,Everyone,Health & Fitness,"March 22, 2018"
5402,ao,FAMILY,3.5,14145,5.9M,"1,000,000+",Free,0,Everyone,Strategy,"June 8, 2016"
3547,"Evernote – Organizer, Planner for Notes & Memos",PRODUCTIVITY,4.6,1488397,Varies with device,"100,000,000+",Free,0,Everyone,Productivity,"August 3, 2018"
2076,Happy Street,FAMILY,4.5,110877,Varies with device,"1,000,000+",Free,0,Everyone 10+,Casual;Action & Adventure,"March 28, 2018"
3252,Android TV Remote Service,TOOLS,,1,3.7M,"1,000,000+",Free,0,Everyone,Tools,"January 17, 2018"
3653,Storm Radar: Tornado Tracker & Hurricane Alerts,WEATHER,4.6,89868,Varies with device,"1,000,000+",Free,0,Everyone,Weather,"June 12, 2018"
7053,Dragon BZ Wallpapers HD,PERSONALIZATION,,5,17M,"1,000+",Free,0,Everyone,Personalization,"April 4, 2018"
9714,EP Music,FAMILY,,0,11M,10+,Free,0,Everyone,Entertainment,"July 26, 2017"
5202,Picai - Smart AI Camera,PHOTOGRAPHY,4.0,529,Varies with device,"100,000+",Free,0,Everyone,Photography,"July 17, 2018"
8232,Guide for IMS DB,BOOKS_AND_REFERENCE,,0,2.6M,10+,Free,0,Everyone,Books & Reference,"June 11, 2018"
9700,EP McGuffey Primer,FAMILY,,0,Varies with device,50+,Paid,$1.99,Everyone,Education,"July 16, 2018"
979,SHOWTIME,ENTERTAINMENT,4.2,12398,Varies with device,"1,000,000+",Free,0,Teen,Entertainment,"July 2, 2018"
2825,InstaBeauty -Makeup Selfie Cam,PHOTOGRAPHY,4.3,654419,Varies with device,"50,000,000+",Free,0,Everyone,Photography,"February 1, 2018"
9980,EvAk Smart Home,LIFESTYLE,,14,Varies with device,500+,Free,0,Everyone,Lifestyle,"March 13, 2018"
5837,Ako ay may lobo Pinoy Kid Song Offline,FAMILY,,0,9.7M,1+,Free,0,Mature 17+,Entertainment,"July 30, 2018"
3779,News360: Personalized News,NEWS_AND_MAGAZINES,4.4,30722,Varies with device,"1,000,000+",Free,0,Teen,News & Magazines,"August 2, 2018"
10135,EZ Launcher,PERSONALIZATION,4.2,18926,2.9M,"1,000,000+",Free,0,Everyone,Personalization,"September 28, 2013"
9239,New Holland Agriculture T5 EC,PRODUCTIVITY,4.6,12,15M,"1,000+",Free,0,Everyone,Productivity,"February 24, 2017"
4906,Kenmore Smart AC,LIFESTYLE,1.9,71,24M,"5,000+",Free,0,Everyone,Lifestyle,"May 8, 2017"
7814,CS Customizer,COMMUNICATION,3.7,25,3.7M,"1,000+",Free,0,Everyone,Communication,"February 6, 2017"
2825,InstaBeauty -Makeup Selfie Cam,PHOTOGRAPHY,4.3,654419,Varies with device,"50,000,000+",Free,0,Everyone,Photography,"February 1, 2018"
4348,Mobizen Screen Recorder for SAMSUNG,VIDEO_PLAYERS,4.4,953894,37M,"10,000,000+",Free,0,Everyone,Video Players & Editors,"April 26, 2018"
3015,"CBS Sports App - Scores, News, Stats & Watch Live",SPORTS,4.3,91031,Varies with device,"5,000,000+",Free,0,Everyone,Sports,"August 4, 2018"
1138,Fox Business,FINANCE,3.7,2594,Varies with device,"500,000+",Free,0,Everyone,Finance,"March 13, 2018"
916,HISTORY: Watch TV Show Full Episodes & Specials,ENTERTAINMENT,4.1,33387,20M,"1,000,000+",Free,0,Teen,Entertainment,"July 16, 2018"
3567,Microsoft OneDrive,PRODUCTIVITY,4.4,1038303,Varies with device,"100,000,000+",Free,0,Everyone,Productivity,"August 1, 2018"
3920,Toca Kitchen 2,FAMILY,4.5,1013465,56M,"50,000,000+",Free,0,Everyone,Educational;Pretend Play,"June 29, 2017"
9525,SIM Card Info,TOOLS,4.1,4234,1.9M,"1,000,000+",Free,0,Everyone,Tools,"May 25, 2018"
10195,Flash Light on Call & SMS,TOOLS,4.1,25438,3.2M,"1,000,000+",Free,0,Everyone,Tools,"April 24, 2018"
836,My Class Schedule: Timetable,EDUCATION,4.1,9348,Varies with device,"1,000,000+",Free,0,Everyone,Education,"June 1, 2016"
4400,Ghosts'n Goblins MOBILE,GAME,3.8,466,28M,"10,000+",Paid,$0.99,Everyone,Arcade,"March 28, 2017"
9040,DX Simulation for OOO Dx Belt,FAMILY,4.6,67,31M,"10,000+",Free,0,Everyone,Simulation,"August 4, 2018"
3157,Free Radar Detector,TRAVEL_AND_LOCAL,4.3,15680,11M,"1,000,000+",Free,0,Everyone,Travel & Local,"July 6, 2018"
5915,BA Calculator,PRODUCTIVITY,4.1,22,2.4M,"5,000+",Free,0,Everyone,Productivity,"July 22, 2018"
9682,Masha and the Bear: House Cleaning Games for Girls,FAMILY,4.5,43852,77M,"10,000,000+",Free,0,Everyone,Role Playing;Pretend Play,"July 19, 2018"
10197,Facebook Creator,SOCIAL,4.2,3895,Varies with device,"1,000,000+",Free,0,Teen,Social,"June 27, 2018"
7113,CBRadioTab,TOOLS,3.9,127,1.5M,"50,000+",Free,0,Everyone,Tools,"April 1, 2017"
799,Duolingo: Learn Languages Free,EDUCATION,4.7,6290507,Varies with device,"100,000,000+",Free,0,Everyone,Education;Education,"August 1, 2018"
5978,Truck Driving Test Class 3 BC,FAMILY,1.0,1,2.0M,50+,Paid,$1.49,Everyone,Education,"April 9, 2012"
93,auto fines,AUTO_AND_VEHICLES,4.6,31433,17M,"1,000,000+",Free,0,Everyone,Auto & Vehicles,"August 2, 2018"
1765,Wordscapes,GAME,4.8,230727,87M,"10,000,000+",Free,0,Everyone,Word,"August 2, 2018"
4349,MapleStory M,FAMILY,3.5,31538,82M,"1,000,000+",Free,0,Everyone 10+,Role Playing,"July 24, 2018"
10347,Santa Fe Espresso & News,FOOD_AND_DRINK,,0,15M,10+,Free,0,Everyone,Food & Drink,"October 12, 2017"
3763,Dezeen Magazine RSS Reader,NEWS_AND_MAGAZINES,4.3,350,14M,"10,000+",Free,0,Everyone,News & Magazines,"July 22, 2018"
9872,EU Data Protection,BOOKS_AND_REFERENCE,3.5,29,17M,"1,000+",Free,0,Everyone,Books & Reference,"July 15, 2016"
2806,"LALALAB prints your photos, photobooks and magnets",PHOTOGRAPHY,4.7,50424,82M,"1,000,000+",Free,0,Everyone,Photography,"August 2, 2018"
1384,Nike Training Club - Workouts & Fitness Plans,HEALTH_AND_FITNESS,4.6,251534,93M,"10,000,000+",Free,0,Everyone,Health & Fitness,"July 18, 2018"
1838,Star Wars ™: DIRTY,GAME,4.5,38207,15M,"100,000+",Paid,$9.99,Teen,Role Playing,"October 19, 2015"
9761,ER Injection Simulator: Blood Test Doctor Hospital,FAMILY,4.2,3263,47M,"1,000,000+",Free,0,Everyone 10+,Role Playing,"May 29, 2018"
1508,Homesnap Real Estate & Rentals,HOUSE_AND_HOME,4.3,3834,30M,"500,000+",Free,0,Everyone,House & Home,"July 31, 2018"
3146,SNCF,TRAVEL_AND_LOCAL,3.4,15750,Varies with device,"5,000,000+",Free,0,Everyone,Travel & Local,"August 2, 2018"
9690,Out There Chronicles - Ep. 1,FAMILY,4.4,1516,44M,"50,000+",Paid,$2.99,Everyone,Role Playing,"November 27, 2017"
4420,Knights N Squires,FAMILY,4.4,148826,49M,"1,000,000+",Free,0,Teen,Role Playing,"June 19, 2018"
7497,CL Mobile Pro - Classifieds for Craigslist,SHOPPING,4.1,1288,18M,"100,000+",Free,0,Mature 17+,Shopping,"July 9, 2018"
814,myHomework Student Planner,EDUCATION,4.0,28392,Varies with device,"1,000,000+",Free,0,Everyone,Education,"March 7, 2018"
8028,News 8 San Diego,NEWS_AND_MAGAZINES,4.2,1137,11M,"50,000+",Free,0,Everyone,News & Magazines,"July 23, 2018"
7686,IV Calc CP Calculator Toolkit,TOOLS,4.2,242,3.2M,"10,000+",Free,0,Everyone,Tools,"October 6, 2016"
777,GRE Prep & Practice by Magoosh,EDUCATION,4.4,3963,Varies with device,"100,000+",Free,0,Everyone,Education,"June 6, 2018"
3139,VZ Navigator for Galaxy S4,TRAVEL_AND_LOCAL,3.0,2750,39M,"5,000,000+",Free,0,Everyone,Travel & Local,"January 22, 2018"
2894,HD Camera Pro for Android,PHOTOGRAPHY,4.1,49211,1.9M,"1,000,000+",Free,0,Everyone,Photography,"January 19, 2017"
2357,Super Ear,MEDICAL,4.0,3498,6.6M,"100,000+",Free,0,Everyone,Medical,"May 1, 2018"
4341,Dialer theme Droid L,PERSONALIZATION,4.3,1734,2.8M,"100,000+",Free,0,Mature 17+,Personalization,"April 2, 2016"
3666,All Video Downloader 2018,VIDEO_PLAYERS,4.3,7557,5.6M,"1,000,000+",Free,0,Everyone,Video Players & Editors,"July 25, 2018"
99,"ipsy: Makeup, Beauty, and Tips",BEAUTY,4.9,49790,14M,"1,000,000+",Free,0,Everyone,Beauty,"November 9, 2017"
5067,HD Camera - silent shutter,PHOTOGRAPHY,4.0,26530,3.9M,"1,000,000+",Free,0,Everyone,Photography,"July 23, 2018"
1536,How to sew & make the easiest pattern,LIBRARIES_AND_DEMO,,110,10M,"10,000+",Free,0,Everyone,Libraries & Demo,"November 5, 2017"
302,MangaToon - Comics updated Daily,COMICS,3.9,834,15M,"50,000+",Free,0,Mature 17+,Comics,"August 1, 2018"
6803,BT Master,FAMILY,,0,222k,100+,Free,0,Everyone,Education,"November 6, 2016"
445,True Contact - Real Caller ID,COMMUNICATION,4.1,32283,Varies with device,"1,000,000+",Free,0,Everyone,Communication,"July 26, 2018"
8168,Windguru Lite,WEATHER,4.0,9307,5.0M,"1,000,000+",Free,0,Everyone,Weather,"January 9, 2018"
2611,Instagram,SOCIAL,4.5,66577313,Varies with device,"1,000,000,000+",Free,0,Teen,Social,"July 31, 2018"
2412,abeoCoder,MEDICAL,3.1,83,3.2M,"10,000+",Free,0,Everyone,Medical,"July 30, 2018"
3086,Fantasy Football & NFL News,SPORTS,4.5,2943,8.1M,"100,000+",Free,0,Everyone,Sports,"May 15, 2018"
1455,Latest 2018 Home Designs,HOUSE_AND_HOME,,174,8.7M,"10,000+",Free,0,Everyone,House & Home,"July 26, 2018"
4695,BTS V LINE Launcher theme,PERSONALIZATION,4.8,3283,3.6M,"100,000+",Free,0,Everyone,Personalization,"October 17, 2014"
3457,Microsoft Outlook,PRODUCTIVITY,4.3,3252896,50M,"100,000,000+",Free,0,Everyone,Productivity,"August 2, 2018"
6120,BeFunky Photo Editor Pro,PHOTOGRAPHY,4.5,4724,Varies with device,"50,000+",Paid,$1.99,Everyone,Photography,"August 14, 2017"
5552,Super AR,FAMILY,3.8,410,28M,"10,000+",Free,0,Teen,Entertainment,"December 18, 2017"
10107,EY Oil & Gas,BUSINESS,4.6,20,15M,"1,000+",Free,0,Everyone,Business,"October 12, 2017"
10375,Modern Sniper Strike: Best Commando Action 2k18,GAME,4.1,164,17M,"10,000+",Free,0,Everyone,Action,"August 23, 2017"
9989,E.W. James & Sons,SHOPPING,,2,4.9M,500+,Free,0,Everyone,Shopping,"April 11, 2018"
5210,FaceApp,PHOTOGRAPHY,4.4,346681,7.1M,"10,000,000+",Free,0,Everyone,Photography,"February 10, 2018"
5233,Club Penguin Island,FAMILY,2.8,107441,32M,"1,000,000+",Free,0,Everyone,Casual;Action & Adventure,"July 10, 2018"
1169,Capital One® Mobile,FINANCE,4.6,510401,79M,"10,000,000+",Free,0,Everyone,Finance,"August 1, 2018"
9538,Extreme Motorbike Jump 3D,FAMILY,4.0,94308,79M,"10,000,000+",Free,0,Everyone,Simulation,"December 25, 2016"
9274,EF English Live for phone,FAMILY,3.6,2210,15M,"100,000+",Free,0,Everyone,Education,"July 24, 2018"
3064,"CBS Sports App - Scores, News, Stats & Watch Live",SPORTS,4.3,91033,Varies with device,"5,000,000+",Free,0,Everyone,Sports,"August 4, 2018"
8492,Salah Widget (DK+Malmo),LIFESTYLE,4.5,532,6.4M,"10,000+",Free,0,Everyone,Lifestyle,"June 28, 2015"
1122,MileIQ - Free Mileage Tracker for Business,FINANCE,4.5,46106,22M,"1,000,000+",Free,0,Everyone,Finance,"July 31, 2018"
9250,Arrayanes EC,LIFESTYLE,,2,7.9M,100+,Free,0,Everyone,Lifestyle,"June 27, 2018"
9701,EP Church Annapolis,LIFESTYLE,5.0,2,8.8M,100+,Free,0,Everyone,Lifestyle,"January 14, 2017"
5673,realcommercial.com.au,BUSINESS,4.4,128,6.7M,"50,000+",Free,0,Everyone,Business,"June 26, 2018"
6805,Vip视频免费看-BT磁力搜索,TOOLS,,20,7.9M,"1,000+",Free,0,Everyone,Tools,"June 8, 2018"
1598,Rate Guide Bill Letter,LIFESTYLE,3.8,17368,14M,"10,000,000+",Free,0,Everyone,Lifestyle,"June 27, 2018"
2613,Nextdoor - Local neighborhood news & classifieds,SOCIAL,4.3,51502,20M,"5,000,000+",Free,0,Teen,Social,"July 25, 2018"
9565,OWLIE BOO,FAMILY,4.6,834,22M,"100,000+",Free,0,Everyone,Puzzle;Education,"March 15, 2018"
1839,Monument Valley 2,GAME,4.6,9394,33M,"100,000+",Paid,$4.99,Everyone,Puzzle,"November 30, 2017"
1850,Best Fiends - Free Puzzle Game,GAME,4.6,1480189,Varies with device,"10,000,000+",Free,0,Everyone,Casual,"August 2, 2018"
9661,EO Bijbel Open,LIFESTYLE,4.3,102,41M,"10,000+",Free,0,Everyone,Lifestyle,"November 24, 2016"
7460,Calvin Klein Petite Dresses,BEAUTY,,0,3.7M,500+,Free,0,Everyone,Beauty,"March 23, 2018"
8157,Wallpaper.cz,PHOTOGRAPHY,4.9,7,2.2M,100+,Free,0,Everyone,Photography,"July 11, 2015"
10379,Crazy Bike attack Racing New: motorcycle racing,GAME,4.2,20364,45M,"5,000,000+",Free,0,Everyone,Racing,"July 12, 2018"
7138,CB Mobile GA,FINANCE,,1,12M,100+,Free,0,Everyone,Finance,"November 21, 2017"
2129,Supermarket – Game for Kids,FAMILY,4.4,112080,26M,"10,000,000+",Free,0,Everyone,Casual;Pretend Play,"July 26, 2018"
1293,Walking: Pedometer diet,HEALTH_AND_FITNESS,3.7,1861,1.5M,"1,000,000+",Free,0,Everyone,Health & Fitness,"June 18, 2018"
9006,Hausa Radio,NEWS_AND_MAGAZINES,4.4,3375,4.2M,"100,000+",Free,0,Everyone,News & Magazines,"July 31, 2018"
3328,"Emoji keyboard - Cute Emoticons, GIF, Stickers",TOOLS,4.4,1107320,25M,"50,000,000+",Free,0,Everyone,Tools,"August 7, 2018"
9693,EP,BUSINESS,,3,2.1M,100+,Free,0,Everyone,Business,"November 13, 2015"
676,Transenger – Ts Dating and Chat for Free,DATING,3.6,8,14M,"1,000+",Free,0,Mature 17+,Dating,"July 29, 2018"
2143,Endless Numbers,FAMILY,4.4,2952,37M,"500,000+",Free,0,Everyone,Education;Education,"June 19, 2018"
10765,Chat For Strangers - Video Chat,SOCIAL,3.4,622,Varies with device,"100,000+",Free,0,Mature 17+,Social,"May 23, 2018"
6989,Color by Number – New Coloring Book,GAME,4.7,142308,24M,"5,000,000+",Free,0,Everyone 10+,Board,"August 1, 2018"
9826,HBO NOW: Stream TV & Movies,FAMILY,3.9,61230,Varies with device,"10,000,000+",Free,0,Teen,Entertainment,"July 19, 2018"
2518,Sway Medical,MEDICAL,5.0,3,22M,100+,Free,0,Everyone,Medical,"July 25, 2018"
5843,Mehmet Emin Ay İlahileri,FAMILY,,0,5.1M,10+,Free,0,Everyone,Entertainment,"July 13, 2018"
2482,Familyfirst Messenger,MEDICAL,4.0,1,3.3M,10+,Free,0,Everyone,Medical,"July 12, 2018"
6327,AfreecaTV,VIDEO_PLAYERS,3.3,381023,53M,"10,000,000+",Free,0,Everyone,Video Players & Editors,"July 26, 2018"
3841,Czech Public Transport IDOS,MAPS_AND_NAVIGATION,4.3,26014,7.7M,"1,000,000+",Free,0,Everyone,Maps & Navigation,"November 6, 2017"
5760,iSniper 3D Arctic Warfare,GAME,3.8,35572,Varies with device,"1,000,000+",Free,0,Teen,Arcade,"September 4, 2013"
3525,Google PDF Viewer,PRODUCTIVITY,4.2,226456,Varies with device,"10,000,000+",Free,0,Everyone,Productivity,"October 9, 2017"
10562,FK Atlantas,SPORTS,1.5,2,26M,5+,Free,0,Everyone,Sports,"February 21, 2018"
1300,Couch to 10K Running Trainer,HEALTH_AND_FITNESS,4.6,10445,48M,"500,000+",Free,0,Everyone,Health & Fitness,"July 2, 2018"
9367,Me-eh,FAMILY,,13,62M,100+,Free,0,Everyone,Puzzle,"April 6, 2018"
10004,EW MOTION THERAPY,HEALTH_AND_FITNESS,,0,7.1M,10+,Free,0,Everyone,Health & Fitness,"July 9, 2018"
2849,YouCam Perfect - Selfie Photo Editor,PHOTOGRAPHY,4.5,1579287,Varies with device,"100,000,000+",Free,0,Everyone,Photography,"July 25, 2018"
3219,Ascape VR: 360° Virtual Travel,TRAVEL_AND_LOCAL,4.1,890,7.6M,"100,000+",Free,0,Everyone,Travel & Local;Action & Adventure,"August 9, 2017"
728,Free intellectual training game application |,EDUCATION,4.2,5741,84M,"1,000,000+",Free,0,Everyone,Education;Pretend Play,"July 25, 2018"
10399,Familial Hypercholesterolaemia,MEDICAL,,0,34M,10+,Free,0,Everyone,Medical,"July 5, 2018"
3974,Perfect Piano,GAME,4.2,828489,Varies with device,"50,000,000+",Free,0,Everyone,Music,"August 4, 2018"
2912,Facetune - For Free,PHOTOGRAPHY,4.4,49553,48M,"1,000,000+",Paid,$5.99,Everyone,Photography,"July 25, 2018"
6874,Meu Cartão BV,FINANCE,4.1,15057,5.7M,"500,000+",Free,0,Everyone,Finance,"August 3, 2018"
6602,Wireless BP,MEDICAL,1.8,30,887k,500+,Free,0,Everyone,Medical,"May 27, 2016"
3786,Haystack TV: Local & World News - Free,NEWS_AND_MAGAZINES,4.3,3684,Varies with device,"100,000+",Free,0,Everyone 10+,News & Magazines,"August 2, 2018"
6618,bpresso PRO,MEDICAL,4.4,515,Varies with device,"1,000+",Paid,$5.49,Everyone,Medical,"April 19, 2017"
9688,Masha and the Bear: Climb Racing and Car Games,FAMILY,4.5,2200,73M,"1,000,000+",Free,0,Everyone,Racing;Pretend Play,"July 23, 2018"
9642,Oxford Dictionary of English : Free,BOOKS_AND_REFERENCE,4.1,364452,7.1M,"10,000,000+",Free,0,Everyone,Books & Reference,"July 11, 2018"
606,Live Girls Talk - Free Video Chat,DATING,4.8,125,4.7M,"5,000+",Free,0,Mature 17+,Dating,"July 8, 2018"
8750,Call Blocker & Blacklist,COMMUNICATION,4.0,6,4.2M,"1,000+",Free,0,Everyone,Communication,"July 13, 2018"
7197,CEHQ - CE Credits for Nurses,FAMILY,4.5,12,4.0M,"1,000+",Free,0,Everyone,Education,"May 25, 2018"
5899,Oxford A-Z of English Usage,BOOKS_AND_REFERENCE,4.0,5300,11M,"1,000,000+",Free,0,Everyone,Books & Reference,"November 28, 2017"
10767,NFP 2018,EVENTS,4.8,8,16M,500+,Free,0,Everyone,Events,"January 9, 2018"
8,Garden Coloring Book,ART_AND_DESIGN,4.4,13791,33M,"1,000,000+",Free,0,Everyone,Art & Design,"September 20, 2017"
5788,Axe Champ Hit,GAME,,1,15M,100+,Free,0,Everyone,Arcade,"May 25, 2018"
6799,"BT Dating -Find your match, help cupid, be social",SOCIAL,4.1,158,26M,"50,000+",Free,0,Mature 17+,Social,"July 19, 2018"
5778,ByssWeather for Wear OS,WEATHER,4.2,19666,Varies with device,"1,000,000+",Free,0,Everyone,Weather,"April 11, 2018"
3814,NYTimes - Latest News,NEWS_AND_MAGAZINES,3.9,63647,23M,"10,000,000+",Free,0,Everyone 10+,News & Magazines,"August 1, 2018"
6650,Bar-B-Q Recipes,FOOD_AND_DRINK,4.8,18,3.5M,"5,000+",Free,0,Everyone,Food & Drink,"August 15, 2016"
9336,Alipay,FINANCE,3.4,42497,61M,"1,000,000+",Free,0,Teen,Finance,"July 2, 2018"
8414,DH Karaoke,FAMILY,,8,10M,"1,000+",Free,0,Everyone,Entertainment,"October 23, 2017"
5442,WGT Golf Game by Topgolf,SPORTS,4.3,148083,57M,"10,000,000+",Free,0,Everyone,Sports,"July 24, 2018"
3711,MX Player,VIDEO_PLAYERS,4.5,6474672,Varies with device,"500,000,000+",Free,0,Everyone,Video Players & Editors,"August 6, 2018"
6341,Blackjack Verite Drills,GAME,4.6,17,4.7M,100+,Paid,$14.00,Teen,Casino,"July 9, 2017"
3562,Google Calendar,PRODUCTIVITY,4.2,858230,Varies with device,"500,000,000+",Free,0,Everyone,Productivity,"August 6, 2018"
9741,Doctor X - ER On Wheels,FAMILY,3.6,12781,51M,"1,000,000+",Free,0,Everyone,Casual;Pretend Play,"June 6, 2018"
1585,Anime Avatar Creator: Make Your Own Avatar,LIFESTYLE,4.2,10944,36M,"1,000,000+",Free,0,Everyone,Lifestyle,"June 15, 2018"
4501,Quora,SOCIAL,4.5,313403,Varies with device,"10,000,000+",Free,0,Teen,Social,"July 25, 2018"
1337,21-Day Meditation Experience,HEALTH_AND_FITNESS,4.4,11506,15M,"100,000+",Free,0,Everyone,Health & Fitness,"August 2, 2018"
7433,The CJ Rubric,HEALTH_AND_FITNESS,5.0,5,43M,100+,Free,0,Everyone,Health & Fitness,"December 5, 2017"
3758,Podcast Addict,NEWS_AND_MAGAZINES,4.6,413999,10M,"5,000,000+",Free,0,Teen,News & Magazines,"August 3, 2018"
2277,"Muscle Premium - Human Anatomy, Kinesiology, Bones",MEDICAL,4.2,168,25M,"10,000+",Paid,$24.99,Everyone,Medical,"August 11, 2017"
1091,Wells Fargo Daily Change,FINANCE,4.2,283,5.0M,"100,000+",Free,0,Everyone,Finance,"April 26, 2018"
4051,Sniper 3D Gun Shooter: Free Shooting Games - FPS,GAME,4.6,7657490,Varies with device,"100,000,000+",Free,0,Mature 17+,Action,"August 2, 2018"
173,HTC Help,BOOKS_AND_REFERENCE,4.2,8342,Varies with device,"10,000,000+",Free,0,Everyone,Books & Reference,"August 28, 2017"
8489,DK Primrose for KLWP,PERSONALIZATION,,0,16M,1+,Paid,$0.99,Everyone,Personalization,"December 2, 2017"
6900,Black & White Camera - Lovely BW,PHOTOGRAPHY,4.2,329,4.8M,"100,000+",Free,0,Everyone,Photography,"November 13, 2017"
4999,AE Bingo: Offline Bingo Games,GAME,4.4,61746,Varies with device,"500,000+",Free,0,Teen,Casino,"September 30, 2016"
4119,F-Secure SAFE,TOOLS,4.3,9433,9.3M,"500,000+",Free,0,Everyone,Tools,"July 30, 2018"
603,O-Star,DATING,4.4,59,38M,"5,000+",Free,0,Everyone,Dating,"July 19, 2018"
5196,AI Today : Artificial Intelligence News & AI 101,NEWS_AND_MAGAZINES,5.0,43,2.3M,100+,Free,0,Everyone,News & Magazines,"June 22, 2018"
10234,IDM for Facebook ★ Downloader,PRODUCTIVITY,4.3,1905,3.1M,"100,000+",Free,0,Everyone,Productivity,"October 17, 2015"
10547,FK Senica,SPORTS,,0,13M,10+,Free,0,Everyone,Sports,"August 24, 2017"
8768,Real Car Dr Parking Master: Parking Games 2018,FAMILY,4.2,3345,27M,"1,000,000+",Free,0,Everyone,Simulation,"May 12, 2018"
6883,OLX Uganda Sell Buy Cellphones,SHOPPING,4.2,4977,9.8M,"100,000+",Free,0,Everyone,Shopping,"July 25, 2018"
10461,Wi-Fi settings shortcut,TOOLS,4.1,479,29k,"50,000+",Free,0,Everyone,Tools,"December 13, 2013"
7440,C J Academy,FAMILY,,0,5.2M,10+,Free,0,Everyone,Education,"April 2, 2018"
1835,Farming Simulator 18,GAME,4.5,18125,15M,"100,000+",Paid,$4.99,Everyone,Simulation;Education,"July 9, 2018"
7822,Asiimov Skin - CS GO Icon Pack,PERSONALIZATION,4.6,26,8.5M,100+,Paid,$2.49,Everyone,Personalization,"December 3, 2017"
5952,American Airlines,TRAVEL_AND_LOCAL,3.7,16973,Varies with device,"5,000,000+",Free,0,Everyone,Travel & Local,"July 18, 2018"
6922,BW Map mobile,TRAVEL_AND_LOCAL,3.6,57,32M,"10,000+",Free,0,Everyone,Travel & Local,"May 31, 2018"
6590,Blood Pressure(BP) Diary,MEDICAL,3.7,3596,8.4M,"1,000,000+",Free,0,Everyone,Medical,"July 18, 2018"
6322,Virtual DJ Sound Mixer,TOOLS,4.2,4010,8.7M,"500,000+",Free,0,Everyone,Tools,"May 10, 2017"
10274,Latest Barcelona News 24h,NEWS_AND_MAGAZINES,4.5,104,3.0M,"10,000+",Free,0,Everyone,News & Magazines,"January 6, 2018"
981,Lifetime - Watch Full Episodes & Original Movies,ENTERTAINMENT,4.0,35931,19M,"1,000,000+",Free,0,Teen,Entertainment,"July 16, 2018"
8714,Dairy Queen,FOOD_AND_DRINK,3.6,742,43M,"100,000+",Free,0,Everyone,Food & Drink,"July 25, 2018"
1198,Easy and quick desserts,FOOD_AND_DRINK,4.6,1398,10M,"100,000+",Free,0,Everyone 10+,Food & Drink,"June 14, 2018"
9882,EU in the World,FAMILY,,8,7.2M,100+,Free,0,Everyone,Entertainment,"March 2, 2018"
3681,HD Movie Video Player,VIDEO_PLAYERS,4.5,18699,4.1M,"1,000,000+",Free,0,Everyone,Video Players & Editors,"March 27, 2018"
3799,AC - Tips & News for Android™,NEWS_AND_MAGAZINES,4.2,23292,14M,"1,000,000+",Free,0,Everyone 10+,News & Magazines,"May 24, 2018"
5634,Nights at Slender Pizzeria 3D,GAME,4.1,2628,45M,"100,000+",Free,0,Teen,Adventure,"May 22, 2017"
9920,IF YOU TO EU PEGO,FAMILY,,3,2.1M,100+,Paid,$1.26,Everyone,Entertainment,"January 12, 2012"
7229,Pregnancy Tracker & Countdown to Baby Due Date,PARENTING,4.7,658087,62M,"10,000,000+",Free,0,Everyone,Parenting,"May 24, 2018"
9363,Eh Volevi!,FAMILY,3.9,1619,7.0M,"100,000+",Free,0,Everyone,Entertainment,"October 7, 2017"
6000,"BDCast - Bangla Live TV,Radio",FAMILY,4.4,7461,31M,"1,000,000+",Free,0,Everyone,Entertainment,"May 20, 2018"
1223,My CookBook (Recipe Manager),FOOD_AND_DRINK,4.5,22071,Varies with device,"1,000,000+",Free,0,Everyone,Food & Drink,"June 29, 2018"
2951,Font Studio- Photo Texts Image,PHOTOGRAPHY,4.2,197295,24M,"10,000,000+",Free,0,Everyone,Photography,"June 23, 2017"
2748,"Shopular: Coupons, Weekly Ads & Shopping Deals",SHOPPING,4.7,57920,Varies with device,"1,000,000+",Free,0,Everyone,Shopping,"May 31, 2018"
4757,Flashlight X,TOOLS,4.6,20418,4.3M,"1,000,000+",Free,0,Everyone,Tools,"April 8, 2018"
3926,Chick-fil-A,FOOD_AND_DRINK,4.3,27931,17M,"5,000,000+",Free,0,Everyone,Food & Drink,"August 3, 2018"
7185,OBJECTIFINFOS.CD,NEWS_AND_MAGAZINES,,2,4.2M,50+,Free,0,Everyone,News & Magazines,"May 23, 2018"
4541,.R,TOOLS,4.5,259,203k,"10,000+",Free,0,Everyone,Tools,"September 16, 2014"
1000,"Imgur: Find funny GIFs, memes & watch viral videos",ENTERTAINMENT,4.3,160164,12M,"10,000,000+",Free,0,Teen,Entertainment,"August 1, 2018"
3485,MyVodafone (India) - Online Recharge & Pay Bills,PRODUCTIVITY,4.1,1092367,Varies with device,"10,000,000+",Free,0,Everyone,Productivity,"August 4, 2018"
9503,Pyaar Ek Dhoka,FAMILY,5.0,18,1.3M,50+,Free,0,Everyone,Casual,"February 13, 2018"
6853,Bacterial Vaginosis,HEALTH_AND_FITNESS,,1,4.9M,100+,Free,0,Everyone,Health & Fitness,"February 21, 2018"
8723,DRAGON QUEST,FAMILY,4.2,9659,30M,"100,000+",Paid,$2.99,Everyone,Role Playing,"March 10, 2017"
2666,OLX - Buy and Sell,SHOPPING,4.2,857923,18M,"50,000,000+",Free,0,Everyone,Shopping,"July 31, 2018"
3160,United Airlines,TRAVEL_AND_LOCAL,3.5,30447,80M,"5,000,000+",Free,0,Everyone,Travel & Local,"July 20, 2018"
4835,Reload: The Z-Team,GAME,4.3,1655,91M,"100,000+",Free,0,Everyone 10+,Action,"February 28, 2018"
2150,Toca Builders,FAMILY,4.2,3328,Varies with device,"100,000+",Paid,$3.99,Everyone,Education;Creativity,"July 13, 2017"
9984,Room Creator Interior Design,HOUSE_AND_HOME,3.9,59660,72M,"1,000,000+",Free,0,Everyone,House & Home,"March 14, 2017"
3335,WiFi Overview 360,TOOLS,4.1,15693,18M,"1,000,000+",Free,0,Everyone,Tools,"August 3, 2018"
5637,DIRECTV for Tablets,FAMILY,3.9,24123,69M,"1,000,000+",Free,0,Teen,Entertainment,"June 1, 2018"
833,Babbel – Learn Languages,EDUCATION,4.3,266948,21M,"10,000,000+",Free,0,Everyone,Education,"July 30, 2018"
7076,BZ Straußenführer,TRAVEL_AND_LOCAL,4.3,291,14M,"10,000+",Free,0,Everyone,Travel & Local,"March 17, 2016"
10779,Fortune Quest: Savior,FAMILY,3.6,135,75M,"10,000+",Free,0,Everyone 10+,Role Playing,"June 1, 2018"
7776,Stats CR Clan for Clash Royale,FAMILY,3.8,16,9.9M,100+,Free,0,Everyone,Entertainment,"July 25, 2018"
8323,DF@realtime,BUSINESS,4.3,24,8.0M,"1,000+",Free,0,Everyone,Business,"October 26, 2017"
4106,Messenger Lite: Free Calls & Messages,COMMUNICATION,4.4,1429038,Varies with device,"100,000,000+",Free,0,Everyone,Communication,"July 25, 2018"
135,Step By Step Hairstyles For Women,BEAUTY,4.1,66,2.9M,"10,000+",Free,0,Everyone,Beauty,"April 5, 2018"
6612,BP Tracker-Symptoms & Solution,MEDICAL,4.2,34,3.2M,"1,000+",Free,0,Everyone,Medical,"October 12, 2016"
7860,CT Neck,MEDICAL,4.4,7,8.9M,"1,000+",Free,0,Everyone,Medical,"January 20, 2018"
2885,Muzy - Share photos & collages,PHOTOGRAPHY,4.4,70189,13M,"5,000,000+",Free,0,Teen,Photography,"August 11, 2015"
9699,eP Scanner,EVENTS,,0,20M,100+,Free,0,Everyone,Events,"October 13, 2017"
9703,ep-liggare - Elektronisk personalliggare,TOOLS,,0,21M,100+,Free,0,Everyone,Tools,"June 26, 2018"
3650,Info BMKG,WEATHER,4.3,21404,7.6M,"1,000,000+",Free,0,Everyone,Weather,"June 15, 2017"
10368,FG Finder,TOOLS,,154,17M,"10,000+",Free,0,Everyone,Tools,"July 16, 2018"
46,Install images with music to make video without Net - 2018,ART_AND_DESIGN,4.6,1070,26M,"100,000+",Free,0,Everyone,Art & Design,"November 14, 2017"
6005,BD Data Plan (3G & 4G),COMMUNICATION,4.4,10341,6.9M,"500,000+",Free,0,Everyone,Communication,"July 5, 2018"
3464,Calculator - unit converter,PRODUCTIVITY,4.7,287250,Varies with device,"50,000,000+",Free,0,Everyone,Productivity,"May 9, 2018"
4946,Flud (Ad free),VIDEO_PLAYERS,4.8,5639,Varies with device,"10,000+",Paid,$1.49,Everyone,Video Players & Editors,"September 7, 2017"
5874,AZ Camera - Manual Pro Cam,PHOTOGRAPHY,3.4,2332,1.6M,"100,000+",Free,0,Everyone,Photography,"August 28, 2015"
9821,Moto File Manager,TOOLS,4.1,38679,5.9M,"10,000,000+",Free,0,Everyone,Tools,"February 1, 2018"
2225,Frozen Free Fall,FAMILY,4.3,1574204,37M,"50,000,000+",Free,0,Everyone,Puzzle;Action & Adventure,"July 27, 2018"
6333,Alumni BJ,SOCIAL,,2,5.4M,100+,Free,0,Everyone,Social,"November 8, 2017"
5263,AJ Blue Icon Pack,PERSONALIZATION,5.0,4,31M,50+,Paid,$0.99,Everyone,Personalization,"April 27, 2018"
1582,Tattoodo - Find your next tattoo,LIFESTYLE,4.5,7457,13M,"1,000,000+",Free,0,Teen,Lifestyle,"August 3, 2018"
6589,MbH BP,MEDICAL,3.7,9,23M,"1,000+",Free,0,Everyone,Medical,"October 3, 2017"
8330,DF-CAM,TOOLS,,2,20M,100+,Free,0,Everyone,Tools,"May 16, 2018"
6018,BD Fishpedia,BOOKS_AND_REFERENCE,4.8,123,6.5M,"1,000+",Free,0,Everyone,Books & Reference,"March 15, 2017"
10792,Soccer Clubs Logo Quiz,GAME,4.2,21661,16M,"1,000,000+",Free,0,Everyone,Trivia,"May 24, 2018"
1763,Piano Tiles 2™,GAME,4.7,8118880,Varies with device,"100,000,000+",Free,0,Everyone,Arcade,"August 3, 2018"
6528,BN MALLORCA Radio,COMMUNICATION,,23,13M,"1,000+",Free,0,Everyone,Communication,"November 29, 2017"
8924,La Poupée du Voyant,FAMILY,4.4,265,8.2M,"50,000+",Free,0,Everyone,Entertainment,"January 6, 2017"
5638,Nights at Cube Pizzeria 3D – 4,GAME,4.1,7728,39M,"500,000+",Free,0,Teen,Adventure,"July 17, 2018"
8848,DS Flashlight,TOOLS,4.0,127,5.8M,"10,000+",Free,0,Everyone,Tools,"May 30, 2015"
10792,Soccer Clubs Logo Quiz,GAME,4.2,21661,16M,"1,000,000+",Free,0,Everyone,Trivia,"May 24, 2018"
1440,White Noise Lite,HEALTH_AND_FITNESS,4.4,57634,41M,"1,000,000+",Free,0,Everyone,Health & Fitness,"June 25, 2018"
2642,POF Free Dating App,SOCIAL,4.2,1175815,Varies with device,"50,000,000+",Free,0,Mature 17+,Social,"July 31, 2018"
8116,Cymath - Math Problem Solver,FAMILY,4.5,10159,6.4M,"1,000,000+",Free,0,Everyone,Education,"April 13, 2018"
9740,Noot-Noot-er!,FAMILY,4.5,74,2.8M,"5,000+",Free,0,Everyone,Entertainment,"November 22, 2017"
1971,Jewels Legend - Match 3 Puzzle,GAME,4.6,280098,50M,"10,000,000+",Free,0,Everyone,Arcade,"July 20, 2018"
1117,"Mint: Budget, Bills, Finance",FINANCE,4.3,129304,Varies with device,"5,000,000+",Free,0,Everyone,Finance,"August 2, 2018"
6789,BT Mobile,MAPS_AND_NAVIGATION,3.9,22,3.2M,"1,000+",Free,0,Everyone,Maps & Navigation,"July 4, 2018"
1435,Prana Breath: Calm & Meditate,HEALTH_AND_FITNESS,4.8,31665,8.4M,"1,000,000+",Free,0,Everyone,Health & Fitness,"July 19, 2018"
4956,Safe Notes - Secure Ad-free notepad,PRODUCTIVITY,4.6,3362,756k,"50,000+",Free,0,Everyone,Productivity,"November 21, 2017"
1011,"SeatGeek – Tickets to Sports, Concerts, Broadway",EVENTS,4.4,15558,26M,"1,000,000+",Free,0,Everyone,Events,"August 3, 2018"
5227,Jamaa Amino for Animal Jam,SOCIAL,4.7,3873,63M,"10,000+",Free,0,Teen,Social,"July 13, 2018"
7077,Zoosk Dating App: Meet Singles,DATING,4.0,516917,Varies with device,"10,000,000+",Free,0,Mature 17+,Dating,"August 2, 2018"
9108,JNews DZ - Algerian Newspapers,NEWS_AND_MAGAZINES,4.0,146,3.0M,"10,000+",Free,0,Everyone,News & Magazines,"July 16, 2016"
8347,Periscope - Live Video,SOCIAL,4.0,479939,15M,"10,000,000+",Free,0,Mature 17+,Social,"July 9, 2018"
1120,Mobills: Budget Planner,FINANCE,4.6,161440,16M,"1,000,000+",Free,0,Everyone,Finance,"August 3, 2018"
1887,Flow Free,GAME,4.3,1295625,11M,"100,000,000+",Free,0,Everyone,Puzzle,"April 11, 2018"
1859,Game of Thrones: Conquest™,GAME,4.0,90218,97M,"1,000,000+",Free,0,Teen,Strategy,"August 3, 2018"
3883,Angry Birds Classic,GAME,4.4,5565856,97M,"100,000,000+",Free,0,Everyone,Arcade,"May 24, 2018"
10780,Modern Counter 3: FPS Multiplayers battlegro 3,FAMILY,4.1,17,50M,"1,000+",Free,0,Everyone,Strategy,"March 16, 2018"
6057,Be My Love Animated Keyboard,PERSONALIZATION,4.6,838,11M,"50,000+",Free,0,Teen,Personalization,"March 30, 2018"
642,Toronto Dating,DATING,,0,14M,100+,Free,0,Mature 17+,Dating,"July 12, 2018"
8803,DR Sebi's Alkaline List,FAMILY,4.0,68,5.5M,"5,000+",Free,0,Everyone,Education,"April 5, 2017"
8980,DW Spectrum™ IPVMS Mobile,BUSINESS,4.0,44,30M,"10,000+",Free,0,Everyone,Business,"June 19, 2018"
3793,HuffPost - News,NEWS_AND_MAGAZINES,4.2,78154,12M,"1,000,000+",Free,0,Everyone 10+,News & Magazines,"August 3, 2018"
7181,CD View,TOOLS,,0,20M,500+,Free,0,Everyone,Tools,"February 6, 2018"
6458,bm Wallet,FINANCE,3.5,196,27M,"10,000+",Free,0,Everyone,Finance,"August 20, 2017"
110,Sweet Selfie Beauty Camera,BEAUTY,4.3,601,35M,"100,000+",Free,0,Everyone,Beauty,"June 2, 2018"
3811,CNN Breaking US & World News,NEWS_AND_MAGAZINES,4.0,293080,25M,"10,000,000+",Free,0,Everyone 10+,News & Magazines,"August 6, 2018"
4317,K-pop Music,FAMILY,4.0,369,3.5M,"10,000+",Free,0,Everyone,Entertainment,"January 11, 2017"
10514,Motocross Fun Simulator,FAMILY,3.8,22570,35M,"1,000,000+",Free,0,Everyone,Simulation,"January 9, 2017"
10450,Police Field Interview FI Card,PRODUCTIVITY,4.5,112,2.4M,"1,000+",Paid,$7.99,Everyone,Productivity,"March 16, 2017"
6174,BG-FLEET,TOOLS,,0,1.8M,10+,Free,0,Everyone,Tools,"July 30, 2018"
9733,ER Surgery Simulator,FAMILY,3.6,19601,56M,"1,000,000+",Free,0,Everyone 10+,Casual,"June 6, 2018"
2791,Newegg Mobile,SHOPPING,4.5,35497,16M,"1,000,000+",Free,0,Everyone,Shopping,"July 11, 2018"
1648,SleepyTime: Bedtime Calculator,LIFESTYLE,4.4,19621,Varies with device,"500,000+",Free,0,Everyone,Lifestyle,"February 27, 2016"
2515,AAFP,MEDICAL,3.8,63,24M,"10,000+",Free,0,Everyone,Medical,"June 22, 2018"
2713,Key Ring: Cards Coupon & Sales,SHOPPING,4.1,42871,23M,"1,000,000+",Free,0,Everyone,Shopping,"July 27, 2018"
7321,CG Jobs,FAMILY,5.0,8,14M,10+,Free,0,Everyone,Education,"August 1, 2018"
6263,Gayvox - Gay Lesbian Bi Dating,SOCIAL,3.4,3640,9.1M,"500,000+",Free,0,Mature 17+,Social,"June 13, 2016"
10170,"Messages, Text and Video Chat for Messenger",SOCIAL,4.4,49580,4.0M,"10,000,000+",Free,0,Everyone,Social,"June 4, 2018"
627,CAM5678 Video Chat,DATING,,0,39M,500+,Free,0,Mature 17+,Dating,"July 13, 2018"
1574,Diary with lock,LIFESTYLE,4.6,815893,4.4M,"10,000,000+",Free,0,Everyone,Lifestyle,"June 30, 2018"
9254,EC Fairgrounds,FAMILY,5.0,3,5.5M,500+,Free,0,Everyone,Entertainment,"July 13, 2018"
5157,Boston AH,MEDICAL,,1,29M,50+,Free,0,Everyone,Medical,"November 30, 2017"
5868,Mad Day - Truck Distance Game,GAME,4.3,29270,44M,"5,000,000+",Free,0,Everyone,Action,"July 25, 2018"
6767,Bt Notifier -Smartwatch notice,TOOLS,2.8,632,8.2M,"500,000+",Free,0,Everyone,Tools,"May 23, 2017"
926,SHOWTIME,ENTERTAINMENT,4.2,12398,Varies with device,"1,000,000+",Free,0,Teen,Entertainment,"July 2, 2018"
3538,Keep My Notes - Notepad & Memo,PRODUCTIVITY,4.6,122424,4.7M,"5,000,000+",Free,0,Everyone,Productivity,"March 16, 2018"
1476,Rent.com Apartment Homes,HOUSE_AND_HOME,4.0,7508,5.1M,"1,000,000+",Free,0,Everyone,House & Home,"July 9, 2018"
3655,Local Weather Forecast & Visual Widget,WEATHER,4.5,3478,6.1M,"500,000+",Free,0,Everyone,Weather,"August 2, 2018"
4288,[Substratum] K-Manager for K-Klock,PERSONALIZATION,4.5,14,11M,"1,000+",Free,0,Everyone,Personalization,"July 31, 2018"
9697,Out There Chronicles - Ep. 2,FAMILY,4.5,144,70M,"1,000+",Paid,$2.99,Teen,Role Playing,"January 26, 2018"
8681,Download Instant DP (Full HD),TOOLS,4.3,1283,4.4M,"100,000+",Free,0,Everyone,Tools,"August 4, 2018"
2749,Wish - Shopping Made Fun,SHOPPING,4.5,6211039,15M,"100,000,000+",Free,0,Everyone,Shopping,"August 3, 2018"
7614,Rockstars of Ooo,FAMILY,3.4,642,26M,"10,000+",Paid,$1.99,Everyone 10+,Arcade;Action & Adventure,"August 11, 2015"
6126,Cute Questions BF,LIFESTYLE,4.0,3,3.3M,"1,000+",Free,0,Everyone,Lifestyle,"June 2, 2018"
9028,ZOOKEEPER DX TouchEdition,FAMILY,4.2,3195,4.6M,"100,000+",Paid,$0.99,Everyone,Puzzle,"November 26, 2015"
5900,Cures A-Z,HEALTH_AND_FITNESS,4.0,265,4.1M,"100,000+",Free,0,Everyone,Health & Fitness,"August 13, 2015"
570,"BiggerCity: Chat for gay bears, chubs & chasers",DATING,4.1,923,44M,"100,000+",Free,0,Mature 17+,Dating,"August 2, 2018"
9177,EB Events,TRAVEL_AND_LOCAL,3.3,97,16M,"10,000+",Free,0,Everyone,Travel & Local,"January 27, 2016"
10673,Magnum 3.0 Gun Custom SImulator,GAME,4.5,16815,59M,"1,000,000+",Free,0,Teen,Action,"August 4, 2018"
9276,EF English Live Business Tablet,FAMILY,3.3,279,14M,"10,000+",Free,0,Everyone,Education,"December 25, 2017"
9301,EF Academy,HEALTH_AND_FITNESS,5.0,4,15M,50+,Free,0,Everyone,Health & Fitness,"March 23, 2018"
9758,Super Doctor 2 - My Newborn Baby ER Injection,FAMILY,4.7,54,92M,"1,000+",Free,0,Teen,Role Playing,"June 25, 2018"
4439,Band O'Clock,LIFESTYLE,3.8,1140,746k,"100,000+",Free,0,Everyone,Lifestyle,"December 3, 2011"
5158,AH-1 Viper Cobra Ops - helicopter flight simulator,GAME,3.8,1088,86M,"100,000+",Free,0,Teen,Action,"February 16, 2018"
938,"Hulu: Stream TV, Movies & more",ENTERTAINMENT,4.0,319691,Varies with device,"10,000,000+",Free,0,Teen,Entertainment,"August 3, 2018"
2045,Barbie™ Fashion Closet,FAMILY,4.1,68286,85M,"10,000,000+",Free,0,Everyone,Casual;Creativity,"July 30, 2018"
10313,FD e-paper,NEWS_AND_MAGAZINES,3.1,183,7.1M,"10,000+",Free,0,Everyone,News & Magazines,"July 4, 2018"
4163,Offroad G-Class 2018,FAMILY,4.4,7715,28M,"500,000+",Free,0,Everyone,Simulation,"June 29, 2018"
2228,Mad Libs,FAMILY,4.0,8126,61M,"1,000,000+",Free,0,Everyone,Entertainment;Brain Games,"July 31, 2018"
1921,slither.io,GAME,4.4,5235294,Varies with device,"100,000,000+",Free,0,Everyone,Action,"November 14, 2017"
551,"Moco - Chat, Meet People",DATING,4.2,313724,Varies with device,"10,000,000+",Free,0,Mature 17+,Dating,"August 4, 2018"
9920,IF YOU TO EU PEGO,FAMILY,,3,2.1M,100+,Paid,$1.26,Everyone,Entertainment,"January 12, 2012"
8388,Free coupons and vouchers,FINANCE,5.0,4,5.9M,100+,Free,0,Everyone,Finance,"July 28, 2018"
5346,Al Quran Free - القرآن (Islam),BOOKS_AND_REFERENCE,4.7,1777,23M,"50,000+",Free,0,Everyone,Books & Reference,"February 15, 2015"
9759,Virtual Brain Surgery Simulator : Kid ER Emergency,FAMILY,3.8,20,55M,"5,000+",Free,0,Teen,Educational,"February 23, 2018"
7556,Melior NUI - Material CM Theme,PERSONALIZATION,4.7,1873,14M,"100,000+",Free,0,Everyone,Personalization,"November 7, 2016"
2526,BELONG Beating Cancer Together,MEDICAL,4.7,623,20M,"50,000+",Free,0,Teen,Medical,"July 29, 2018"
1722,My Talking Tom,GAME,4.5,14891223,Varies with device,"500,000,000+",Free,0,Everyone,Casual,"July 19, 2018"
1378,Fooducate Healthy Weight Loss & Calorie Counter,HEALTH_AND_FITNESS,4.4,14402,Varies with device,"1,000,000+",Free,0,Everyone,Health & Fitness,"August 3, 2018"
7310,Bhunaksha CG,TOOLS,4.1,67,4.1M,"10,000+",Free,0,Everyone,Tools,"May 7, 2018"
2289,Critical Care Paramedic Review,MEDICAL,4.4,17,1.8M,"1,000+",Paid,$9.99,Everyone 10+,Medical,"May 14, 2018"
3045,ESPN Fantasy Sports,SPORTS,4.0,176450,10M,"5,000,000+",Free,0,Everyone,Sports,"November 21, 2017"
22,Superheroes Wallpapers | 4K Backgrounds,ART_AND_DESIGN,4.7,7699,4.2M,"500,000+",Free,0,Everyone 10+,Art & Design,"July 12, 2018"
7397,Pharmacie de Garde CI et Prix,HEALTH_AND_FITNESS,4.4,2599,6.9M,"100,000+",Free,0,Mature 17+,Health & Fitness,"January 9, 2018"
5969,"Town of Princeton, BC",PRODUCTIVITY,4.8,4,31M,100+,Free,0,Everyone,Productivity,"June 25, 2018"
212,Become a Job - Find a job or advertise,BUSINESS,4.1,6903,14M,"1,000,000+",Free,0,Everyone,Business,"July 10, 2018"
1672,Block Puzzle Classic Legend !,GAME,4.2,17039,4.9M,"5,000,000+",Free,0,Everyone,Puzzle,"April 13, 2018"
3785,"Fox News – Breaking News, Live Video & News Alerts",NEWS_AND_MAGAZINES,4.5,249919,Varies with device,"10,000,000+",Free,0,Everyone 10+,News & Magazines,"July 30, 2018"
9742,Foot Surgery Hospital Simulator: ER Doctor Games,FAMILY,3.9,314,28M,"100,000+",Free,0,Everyone,Casual,"January 15, 2018"
7150,CD Library,PRODUCTIVITY,3.9,44,3.3M,"10,000+",Free,0,Everyone,Productivity,"February 18, 2017"
810,Study Checker,EDUCATION,4.2,3816,2.6M,"500,000+",Free,0,Everyone,Education,"May 4, 2016"
4833,Z City,FAMILY,4.3,3976,98M,"100,000+",Free,0,Teen,Strategy,"January 29, 2018"
8671,Endless Ducker,GAME,4.5,8193,41M,"500,000+",Free,0,Everyone,Arcade,"September 16, 2016"
1371,Tracks,HEALTH_AND_FITNESS,4.6,623,40M,"50,000+",Free,0,Everyone 10+,Health & Fitness,"July 17, 2017"
5122,Tri-Ag (WV) FCU,FINANCE,,0,2.9M,100+,Free,0,Everyone,Finance,"July 3, 2018"
804,Learn English with Aco,EDUCATION,4.6,75112,6.5M,"1,000,000+",Free,0,Everyone,Education,"November 11, 2017"
5081,Blurfoto : Auto blur photo background & DSLR focus,PHOTOGRAPHY,4.3,2215,12M,"500,000+",Free,0,Everyone,Photography,"July 27, 2018"
3513,CM FILE MANAGER HD,PRODUCTIVITY,4.3,144879,Varies with device,"10,000,000+",Free,0,Everyone,Productivity,"January 24, 2016"
275,"MailChimp - Email, Marketing Automation",BUSINESS,4.1,5448,12M,"500,000+",Free,0,Everyone,Business,"July 25, 2018"
7948,Resume & CV Creator by Desygner,PRODUCTIVITY,4.5,48,26M,"5,000+",Free,0,Everyone,Productivity,"July 23, 2018"
5349,"Muslim Pro - Prayer Times, Azan, Quran & Qibla",LIFESTYLE,4.7,1133393,Varies with device,"10,000,000+",Free,0,Everyone,Lifestyle,"July 3, 2018"
1349,My Cycles Period and Ovulation,HEALTH_AND_FITNESS,4.3,26652,41M,"1,000,000+",Free,0,Everyone,Health & Fitness,"May 4, 2018"
4459,Pistachio Launcher for Android P 9.0,PERSONALIZATION,,0,2.3M,1+,Paid,$1.49,Everyone,Personalization,"July 11, 2018"
2354,Epocrates Plus,MEDICAL,4.3,23889,Varies with device,"1,000,000+",Free,0,Everyone,Medical,"July 10, 2018"
7323,CG Patwari Exam,FAMILY,3.8,28,4.1M,"1,000+",Free,0,Teen,Education,"October 23, 2017"
6910,BW-GnuGo,GAME,4.1,64,1.3M,"5,000+",Free,0,Everyone,Board,"June 2, 2013"
3262,Clear,TOOLS,3.1,24151,15M,"10,000,000+",Free,0,Everyone,Tools,"August 6, 2018"
612,American Girls Mobile Numbers,DATING,5.0,5,4.4M,"1,000+",Free,0,Mature 17+,Dating,"July 17, 2018"
8940,DV 2019 Entry Guide,BOOKS_AND_REFERENCE,4.5,92,5.1M,"10,000+",Free,0,Everyone,Books & Reference,"October 18, 2017"
779,SAT Vocabulary,EDUCATION,4.2,642,Varies with device,"50,000+",Free,0,Everyone,Education,"June 5, 2018"
2233,Thomas & Friends: Delivery,FAMILY,4.2,28737,17M,"1,000,000+",Free,0,Everyone,Casual;Action & Adventure,"February 5, 2016"
6841,Bu Hangi Youtuber ?,GAME,,31,26M,"1,000+",Free,0,Everyone,Trivia,"August 31, 2017"
6562,HBO GO: Stream with TV Package,FAMILY,3.8,87734,32M,"10,000,000+",Free,0,Teen,Entertainment,"July 19, 2018"
8,Garden Coloring Book,ART_AND_DESIGN,4.4,13791,33M,"1,000,000+",Free,0,Everyone,Art & Design,"September 20, 2017"
6107,BF Beautiful Nature,FAMILY,3.6,5,2.5M,"1,000+",Free,0,Mature 17+,Entertainment,"June 11, 2015"
9478,Farming Simulator 16,FAMILY,4.2,32812,14M,"500,000+",Paid,$2.99,Everyone,Simulation;Education,"April 10, 2018"
1158,Netspend Skylight ONE,FINANCE,3.9,1098,46M,"100,000+",Free,0,Everyone,Finance,"May 9, 2018"
938,"Hulu: Stream TV, Movies & more",ENTERTAINMENT,4.0,319691,Varies with device,"10,000,000+",Free,0,Teen,Entertainment,"August 3, 2018"
2063,DisneyNOW – TV Shows & Games,FAMILY,4.3,82471,Varies with device,"5,000,000+",Free,0,Everyone,Entertainment;Music & Video,"July 5, 2018"
8691,Profile Pictures and DP for Whatsapp,SOCIAL,4.3,48,11M,"5,000+",Free,0,Everyone,Social,"May 12, 2017"
4305,Magic Tiles - TWICE Edition (K-Pop),GAME,4.4,2351,62M,"100,000+",Free,0,Everyone,Music,"July 25, 2018"
3348,Applock,TOOLS,4.4,4934130,Varies with device,"100,000,000+",Free,0,Everyone,Tools,"June 11, 2018"
4489,P Icon Pack,FAMILY,,0,21M,10+,Paid,$0.99,Everyone,Entertainment,"July 16, 2018"
7527,CL Pebble Apps,LIFESTYLE,3.6,67,499k,"5,000+",Free,0,Everyone,Lifestyle,"December 23, 2015"
6663,Pick-a-Paint,LIFESTYLE,1.6,242,36M,"50,000+",Free,0,Everyone,Lifestyle,"May 14, 2018"
5459,Access Point Browser,TOOLS,4.2,25,2.5M,"1,000+",Free,0,Everyone,Tools,"September 22, 2017"
10323,FE CREDIT - TET VUI,FINANCE,4.1,125,15M,"50,000+",Free,0,Everyone,Finance,"March 6, 2018"
10757,Fisher-Price® Smart Connect™,TOOLS,2.7,422,72M,"50,000+",Free,0,Everyone,Tools,"February 23, 2018"
10237,HD VideoDownlaoder For Fb : XXVideo Downloader,VIDEO_PLAYERS,4.2,61,6.1M,"10,000+",Free,0,Everyone,Video Players & Editors,"July 30, 2018"
931,Netflix,ENTERTAINMENT,4.4,5456599,Varies with device,"100,000,000+",Free,0,Teen,Entertainment,"July 31, 2018"
7239,CF Life,FAMILY,5.0,4,8.3M,100+,Free,0,Everyone,Education,"June 27, 2018"
1715,Word Search,GAME,4.7,295305,3.9M,"10,000,000+",Free,0,Everyone,Word,"June 6, 2018"
3564,aCalendar+ Calendar & Tasks,PRODUCTIVITY,4.6,26919,Varies with device,"100,000+",Paid,$5.99,Everyone,Productivity,"June 25, 2018"
4846,GO SMS Pro Z Glass Theme EX,PERSONALIZATION,3.8,24198,2.2M,"1,000,000+",Free,0,Everyone,Personalization,"July 10, 2014"
9529,"Phogy, 3D Camera",PHOTOGRAPHY,4.0,35725,9.9M,"1,000,000+",Free,0,Everyone,Photography,"February 11, 2015"
1133,US Stock Market,FINANCE,4.4,1922,4.2M,"100,000+",Free,0,Everyone,Finance,"August 1, 2018"
10593,Discovery Church Florida,LIFESTYLE,4.7,40,8.0M,"1,000+",Free,0,Teen,Lifestyle,"June 25, 2018"
3660,New 2018 Weather App & Widget,WEATHER,4.5,2332,20M,"500,000+",Free,0,Teen,Weather,"August 3, 2018"
1495,Kitchen Island Ideas,HOUSE_AND_HOME,4.0,515,5.8M,"50,000+",Free,0,Everyone,House & Home,"May 30, 2015"
6557,Casual Sic Bo (骰寶),FAMILY,4.0,3,2.2M,500+,Free,0,Teen,Casual,"July 22, 2018"
3423,Tiger Live Wallpaper,PERSONALIZATION,4.1,77724,7.1M,"5,000,000+",Free,0,Teen,Personalization,"May 31, 2018"
7878,POCKET BOOK CT ABDOMEN,MEDICAL,,0,11M,100+,Free,0,Everyone,Medical,"March 16, 2018"
8355,Aproveita DF,LIFESTYLE,,0,3.3M,1+,Free,0,Everyone,Lifestyle,"August 2, 2018"
1815,TerraGenesis - Space Colony,GAME,4.3,38957,Varies with device,"1,000,000+",Free,0,Everyone,Simulation,"August 2, 2018"
1286,Calorie Counter - MyFitnessPal,HEALTH_AND_FITNESS,4.6,1873516,Varies with device,"50,000,000+",Free,0,Everyone,Health & Fitness,"July 31, 2018"
5930,Let's Learn Alif Ba Ta,FAMILY,4.6,32,60M,"10,000+",Free,0,Everyone,Education,"November 29, 2017"
9888,Speed Racing Ultimate 2,GAME,4.1,66894,Varies with device,"1,000,000+",Free,0,Everyone 10+,Racing,"July 21, 2018"
5059,AzadBazar.af,SHOPPING,,3,3.7M,100+,Free,0,Everyone,Shopping,"March 9, 2018"
1346,Daily Yoga - Yoga Fitness Plans,HEALTH_AND_FITNESS,4.4,70769,35M,"5,000,000+",Free,0,Everyone,Health & Fitness,"July 24, 2018"
2601,Bloglovin',SOCIAL,3.9,8936,Varies with device,"500,000+",Free,0,Everyone,Social,"May 18, 2017"
6534,New York Mysteries (Full),GAME,4.5,514,5.9M,"5,000+",Paid,$6.99,Teen,Adventure,"June 4, 2018"
1857,Hustle Castle: Fantasy Kingdom,GAME,4.7,584126,64M,"10,000,000+",Free,0,Everyone 10+,Role Playing,"July 27, 2018"
2380,Paramedic Protocol Provider,MEDICAL,4.5,171,20M,"10,000+",Paid,$10.00,Everyone 10+,Medical,"September 21, 2017"
2109,Plants vs. Zombies™ Heroes,FAMILY,4.4,379415,68M,"10,000,000+",Free,0,Everyone,Casual;Action & Adventure,"June 26, 2018"
3899,LokLok: Draw on a Lock Screen,COMMUNICATION,4.1,14766,16M,"500,000+",Free,0,Teen,Communication,"September 20, 2017"
6315,BJ-FPV,FAMILY,4.2,16,26M,"1,000+",Free,0,Everyone,Casual,"July 31, 2018"
8792,Dr. McDougall Mobile Cookbook,HEALTH_AND_FITNESS,3.8,76,1.2M,"1,000+",Paid,$4.99,Everyone,Health & Fitness,"January 26, 2015"
6877,StartPage Private Search,LIFESTYLE,4.6,10198,2.2M,"100,000+",Free,0,Everyone,Lifestyle,"August 21, 2017"
4803,Flashlight Ultimate,TOOLS,4.6,16936,5.0M,"1,000,000+",Free,0,Everyone,Tools,"January 25, 2018"
6113,BF Frontline City,GAME,4.1,29798,80M,"1,000,000+",Free,0,Mature 17+,Action,"March 6, 2017"
8913,Night: DU Launcher Theme,PERSONALIZATION,4.3,1419,485k,"50,000+",Free,0,Everyone,Personalization,"October 15, 2015"
6319,BJ Bridge Standard American 2018,GAME,1.0,1,4.9M,"1,000+",Free,0,Everyone,Card,"May 21, 2018"
2258,IBM Micromedex Drug Info,MEDICAL,3.8,206,9.5M,"10,000+",Paid,$2.99,Everyone,Medical,"April 25, 2018"
6535,BN Pro ArialXL-b Neon HD Text,LIBRARIES_AND_DEMO,4.1,66,728k,"10,000+",Free,0,Everyone,Libraries & Demo,"February 5, 2017"
1949,Garena Free Fire,GAME,4.5,5476569,53M,"100,000,000+",Free,0,Teen,Action,"August 3, 2018"
6841,Bu Hangi Youtuber ?,GAME,,31,26M,"1,000+",Free,0,Everyone,Trivia,"August 31, 2017"
9553,El Laberinto del Demonio 2,FAMILY,4.1,3654,25M,"100,000+",Free,0,Teen,Puzzle,"April 14, 2017"
2721,Mercari: The Selling App,SHOPPING,4.4,101883,13M,"10,000,000+",Free,0,Everyone,Shopping,"August 3, 2018"
10780,Modern Counter 3: FPS Multiplayers battlegro 3,FAMILY,4.1,17,50M,"1,000+",Free,0,Everyone,Strategy,"March 16, 2018"
6417,BL 女性向け恋愛ゲーム◆ごくメン,FAMILY,4.2,1901,8.2M,"100,000+",Free,0,Mature 17+,Simulation,"July 7, 2016"
9952,JuiceNet - Smart EV Charging,MAPS_AND_NAVIGATION,3.5,106,24M,"5,000+",Free,0,Everyone,Maps & Navigation,"July 9, 2018"
5176,Mitchell AH,MEDICAL,,0,29M,50+,Free,0,Everyone,Medical,"May 23, 2018"
6892,Evolution: Battle for Utopia,FAMILY,4.2,246705,27M,"1,000,000+",Free,0,Teen,Strategy,"May 4, 2018"
3894,Bubble Shooter,GAME,4.5,43576,50M,"5,000,000+",Free,0,Everyone,Arcade,"September 13, 2017"
8722,LightMeter (noAds),PHOTOGRAPHY,4.6,617,12M,"10,000+",Paid,$1.99,Everyone,Photography,"November 22, 2016"
2862,BeautyPlus - Easy Photo Editor & Selfie Camera,PHOTOGRAPHY,4.4,3157936,53M,"100,000,000+",Free,0,Everyone,Photography,"July 31, 2018"
8528,FrostWire: Torrent Downloader & Music Player,VIDEO_PLAYERS,4.1,253207,13M,"10,000,000+",Free,0,Everyone,Video Players & Editors,"August 2, 2018"
8160,Modlitební knížka CZ,BOOKS_AND_REFERENCE,,4,18M,500+,Free,0,Everyone,Books & Reference,"February 4, 2018"
3866,"Dynavix - Navigation, Maps, Traffic data & Cameras",MAPS_AND_NAVIGATION,4.2,1688,Varies with device,"50,000+",Free,0,Everyone,Maps & Navigation,"August 3, 2018"
7027,UNICORN - Color By Number & Pixel Art Coloring,FAMILY,4.7,8264,24M,"500,000+",Free,0,Everyone,Art & Design;Creativity,"August 2, 2018"
49,Monster Truck Stunt 3D 2019,AUTO_AND_VEHICLES,4.2,367,25M,"100,000+",Free,0,Everyone,Auto & Vehicles,"May 10, 2018"
